athlete_display_name,team_short_display_name,min,fg,fg3,ft,oreb,dreb,reb,ast,stl,blk,to,pf,plus_minus,pts,starter,ejected,did_not_play,active,athlete_jersey,athlete_id,athlete_short_name,athlete_position_name,athlete_position_abbreviation,team_name,team_logo,team_id,team_abbreviation,team_color,game_id,season,season_type,game_date,athlete_headshot_href
Tari Phillips,Liberty,--,-----,-----,-----,--,--,--,--,--,--,--,--,--,--,TRUE,FALSE,FALSE,TRUE,,18,T. Phillips,Forward,F,Liberty,https://a.espncdn.com/i/teamlogos/wnba/500/nyl.png,9,NYL,0d79b9,220816005,2002,3,2002-08-16,
Vickie Johnson,Liberty,--,-----,-----,-----,--,--,--,--,--,--,--,--,--,--,TRUE,FALSE,FALSE,TRUE,,16,V. Johnson,Guard,G,Liberty,https://a.espncdn.com/i/teamlogos/wnba/500/nyl.png,9,NYL,0d79b9,220816005,2002,3,2002-08-16,
Teresa Weatherspoon,Liberty,--,-----,-----,-----,--,--,--,--,--,--,--,--,--,--,TRUE,FALSE,FALSE,TRUE,,20,T. Weatherspoon,Guard,G,Liberty,https://a.espncdn.com/i/teamlogos/wnba/500/nyl.png,9,NYL,0d79b9,220816005,2002,3,2002-08-16,
Crystal Robinson,Liberty,--,-----,-----,-----,--,--,--,--,--,--,--,--,--,--,TRUE,FALSE,FALSE,TRUE,,19,C. Robinson,Not Available,NA,Liberty,https://a.espncdn.com/i/teamlogos/wnba/500/nyl.png,9,NYL,0d79b9,220816005,2002,3,2002-08-16,
Tamika Whitmore,Liberty,--,-----,-----,-----,--,--,--,--,--,--,--,--,--,--,TRUE,FALSE,FALSE,TRUE,,21,T. Whitmore,Not Available,NA,Liberty,https://a.espncdn.com/i/teamlogos/wnba/500/nyl.png,9,NYL,0d79b9,220816005,2002,3,2002-08-16,
Becky Hammon,Liberty,--,-----,-----,-----,--,--,--,--,--,--,--,--,--,--,FALSE,FALSE,FALSE,FALSE,25,14,B. Hammon,Guard,G,Liberty,https://a.espncdn.com/i/teamlogos/wnba/500/nyl.png,9,NYL,0d79b9,220816005,2002,3,2002-08-16,
Korie Hlede,Liberty,--,-----,-----,-----,--,--,--,--,--,--,--,--,--,--,FALSE,FALSE,FALSE,FALSE,,15,K. Hlede,Guard,G,Liberty,https://a.espncdn.com/i/teamlogos/wnba/500/nyl.png,9,NYL,0d79b9,220816005,2002,3,2002-08-16,
Camille Cooper,Liberty,--,-----,-----,-----,--,--,--,--,--,--,--,--,--,--,FALSE,FALSE,FALSE,FALSE,,12,C. Cooper,Not Available,NA,Liberty,https://a.espncdn.com/i/teamlogos/wnba/500/nyl.png,9,NYL,0d79b9,220816005,2002,3,2002-08-16,
Linda Frohlich,Liberty,--,-----,-----,-----,--,--,--,--,--,--,--,--,--,--,FALSE,FALSE,FALSE,FALSE,,13,L. Frohlich,Not Available,NA,Liberty,https://a.espncdn.com/i/teamlogos/wnba/500/nyl.png,9,NYL,0d79b9,220816005,2002,3,2002-08-16,
Bernadette Ngoyisa,Liberty,--,-----,-----,-----,--,--,--,--,--,--,--,--,--,--,FALSE,FALSE,FALSE,FALSE,,17,B. Ngoyisa,Not Available,NA,Liberty,https://a.espncdn.com/i/teamlogos/wnba/500/nyl.png,9,NYL,0d79b9,220816005,2002,3,2002-08-16,
Sue Wicks,Liberty,--,-----,-----,-----,--,--,--,--,--,--,--,--,--,--,FALSE,FALSE,FALSE,FALSE,,22,S. Wicks,Not Available,NA,Liberty,https://a.espncdn.com/i/teamlogos/wnba/500/nyl.png,9,NYL,0d79b9,220816005,2002,3,2002-08-16,
Tamika Catchings,Fever,--,-----,-----,-----,--,--,--,--,--,--,--,--,--,--,TRUE,FALSE,FALSE,TRUE,24,125,T. Catchings,Forward,F,Fever,https://a.espncdn.com/i/teamlogos/wnba/500/ind.png,5,IND,e2382f,220816005,2002,3,2002-08-16,
Nadine Malcolm,Fever,--,-----,-----,-----,--,--,--,--,--,--,--,--,--,--,TRUE,FALSE,FALSE,TRUE,,271,N. Malcolm,Not Available,NA,Fever,https://a.espncdn.com/i/teamlogos/wnba/500/ind.png,5,IND,e2382f,220816005,2002,3,2002-08-16,
Nikki McCray-Penson,Fever,--,-----,-----,-----,--,--,--,--,--,--,--,--,--,--,TRUE,FALSE,FALSE,TRUE,,282,N. McCray-Penson,Not Available,NA,Fever,https://a.espncdn.com/i/teamlogos/wnba/500/ind.png,5,IND,e2382f,220816005,2002,3,2002-08-16,
Olympia Scott,Fever,--,-----,-----,-----,--,--,--,--,--,--,--,--,--,--,TRUE,FALSE,FALSE,TRUE,,359,O. Scott,Not Available,NA,Fever,https://a.espncdn.com/i/teamlogos/wnba/500/ind.png,5,IND,e2382f,220816005,2002,3,2002-08-16,
Coquese Washington,Fever,--,-----,-----,-----,--,--,--,--,--,--,--,--,--,--,TRUE,FALSE,FALSE,TRUE,,420,C. Washington,Not Available,NA,Fever,https://a.espncdn.com/i/teamlogos/wnba/500/ind.png,5,IND,e2382f,220816005,2002,3,2002-08-16,
Niele Ivey,Fever,--,-----,-----,-----,--,--,--,--,--,--,--,--,--,--,FALSE,FALSE,FALSE,FALSE,,220,N. Ivey,Not Available,NA,Fever,https://a.espncdn.com/i/teamlogos/wnba/500/ind.png,5,IND,e2382f,220816005,2002,3,2002-08-16,
Monica Maxwell,Fever,--,-----,-----,-----,--,--,--,--,--,--,--,--,--,--,FALSE,FALSE,FALSE,FALSE,,277,M. Maxwell,Not Available,NA,Fever,https://a.espncdn.com/i/teamlogos/wnba/500/ind.png,5,IND,e2382f,220816005,2002,3,2002-08-16,
Jackie Moore,Fever,--,-----,-----,-----,--,--,--,--,--,--,--,--,--,--,FALSE,FALSE,FALSE,FALSE,,297,J. Moore,Not Available,NA,Fever,https://a.espncdn.com/i/teamlogos/wnba/500/ind.png,5,IND,e2382f,220816005,2002,3,2002-08-16,
Bridget Pettis,Fever,--,-----,-----,-----,--,--,--,--,--,--,--,--,--,--,FALSE,FALSE,FALSE,FALSE,,323,B. Pettis,Not Available,NA,Fever,https://a.espncdn.com/i/teamlogos/wnba/500/ind.png,5,IND,e2382f,220816005,2002,3,2002-08-16,
Kelly Schumacher,Fever,--,-----,-----,-----,--,--,--,--,--,--,--,--,--,--,FALSE,FALSE,FALSE,FALSE,,358,K. Schumacher,Not Available,NA,Fever,https://a.espncdn.com/i/teamlogos/wnba/500/ind.png,5,IND,e2382f,220816005,2002,3,2002-08-16,
Alicia Thompson,Fever,--,-----,-----,-----,--,--,--,--,--,--,--,--,--,--,FALSE,FALSE,FALSE,FALSE,,393,A. Thompson,Not Available,NA,Fever,https://a.espncdn.com/i/teamlogos/wnba/500/ind.png,5,IND,e2382f,220816005,2002,3,2002-08-16,
Tamecka Dixon,Sparks,--,-----,-----,-----,--,--,--,--,--,--,--,--,--,--,TRUE,FALSE,FALSE,TRUE,,3,T. Dixon,Not Available,NA,Sparks,https://a.espncdn.com/i/teamlogos/wnba/500/los.png,6,LOS,532481,220809015,2002,2,2002-08-10,
Lisa Leslie,Sparks,--,-----,-----,-----,--,--,--,--,--,--,--,--,--,--,TRUE,FALSE,FALSE,TRUE,,6,L. Leslie,Not Available,NA,Sparks,https://a.espncdn.com/i/teamlogos/wnba/500/los.png,6,LOS,532481,220809015,2002,2,2002-08-10,
Mwadi Mabika,Sparks,--,-----,-----,-----,--,--,--,--,--,--,--,--,--,--,TRUE,FALSE,FALSE,TRUE,,7,M. Mabika,Not Available,NA,Sparks,https://a.espncdn.com/i/teamlogos/wnba/500/los.png,6,LOS,532481,220809015,2002,2,2002-08-10,
Nikki Teasley,Sparks,--,-----,-----,-----,--,--,--,--,--,--,--,--,--,--,TRUE,FALSE,FALSE,FALSE,,10,N. Teasley,Not Available,NA,Sparks,https://a.espncdn.com/i/teamlogos/wnba/500/los.png,6,LOS,532481,220809015,2002,2,2002-08-10,
Marlies Askamp,Sparks,--,-----,-----,-----,--,--,--,--,--,--,--,--,--,--,TRUE,FALSE,FALSE,TRUE,,63,M. Askamp,Not Available,NA,Sparks,https://a.espncdn.com/i/teamlogos/wnba/500/los.png,6,LOS,532481,220809015,2002,2,2002-08-10,
Erika de Souza,Sparks,--,-----,-----,-----,--,--,--,--,--,--,--,--,--,--,FALSE,FALSE,FALSE,FALSE,14,2,E. de Souza,Forward,F,Sparks,https://a.espncdn.com/i/teamlogos/wnba/500/los.png,6,LOS,532481,220809015,2002,2,2002-08-10,
DeLisha Milton-Jones,Sparks,--,-----,-----,-----,--,--,--,--,--,--,--,--,--,--,FALSE,FALSE,FALSE,TRUE,1,9,D. Milton-Jones,Forward,F,Sparks,https://a.espncdn.com/i/teamlogos/wnba/500/los.png,6,LOS,532481,220809015,2002,2,2002-08-10,
Latasha Byears,Sparks,--,-----,-----,-----,--,--,--,--,--,--,--,--,--,--,FALSE,FALSE,FALSE,FALSE,,1,L. Byears,Not Available,NA,Sparks,https://a.espncdn.com/i/teamlogos/wnba/500/los.png,6,LOS,532481,220809015,2002,2,2002-08-10,
Vedrana Grgin Fonseca,Sparks,--,-----,-----,-----,--,--,--,--,--,--,--,--,--,--,FALSE,FALSE,FALSE,FALSE,,4,V. Grgin Fonseca,Not Available,NA,Sparks,https://a.espncdn.com/i/teamlogos/wnba/500/los.png,6,LOS,532481,220809015,2002,2,2002-08-10,
Nicky McCrimmon,Sparks,--,-----,-----,-----,--,--,--,--,--,--,--,--,--,--,FALSE,FALSE,FALSE,FALSE,,8,N. McCrimmon,Not Available,NA,Sparks,https://a.espncdn.com/i/teamlogos/wnba/500/los.png,6,LOS,532481,220809015,2002,2,2002-08-10,
Sophia Witherspoon,Sparks,--,-----,-----,-----,--,--,--,--,--,--,--,--,--,--,FALSE,FALSE,FALSE,FALSE,,11,S. Witherspoon,Not Available,NA,Sparks,https://a.espncdn.com/i/teamlogos/wnba/500/los.png,6,LOS,532481,220809015,2002,2,2002-08-10,
Marie  Ferdinand-Harris,Starzz,--,-----,-----,-----,--,--,--,--,--,--,--,--,--,--,TRUE,FALSE,FALSE,TRUE,,28,M. Ferdinand-Harris,Guard,G,Starzz,,15,UTH,,220809015,2002,2,2002-08-10,
Jennifer Azzi,Starzz,--,-----,-----,-----,--,--,--,--,--,--,--,--,--,--,TRUE,FALSE,FALSE,TRUE,,24,J. Azzi,Not Available,NA,Starzz,,15,UTH,,220809015,2002,2,2002-08-10,
Margo Dydek,Starzz,--,-----,-----,-----,--,--,--,--,--,--,--,--,--,--,TRUE,FALSE,FALSE,FALSE,,27,M. Dydek,Not Available,NA,Starzz,,15,UTH,,220809015,2002,2,2002-08-10,
Adrienne Goodson,Starzz,--,-----,-----,-----,--,--,--,--,--,--,--,--,--,--,TRUE,FALSE,FALSE,TRUE,,30,A. Goodson,Not Available,NA,Starzz,,15,UTH,,220809015,2002,2,2002-08-10,
Natalie Williams,Starzz,--,-----,-----,-----,--,--,--,--,--,--,--,--,--,--,TRUE,FALSE,FALSE,TRUE,,33,N. Williams,Not Available,NA,Starzz,,15,UTH,,220809015,2002,2,2002-08-10,
Elisa Aguilar,Starzz,--,-----,-----,-----,--,--,--,--,--,--,--,--,--,--,FALSE,FALSE,FALSE,FALSE,,23,E. Aguilar,Not Available,NA,Starzz,,15,UTH,,220809015,2002,2,2002-08-10,
Danielle Crockrom,Starzz,--,-----,-----,-----,--,--,--,--,--,--,--,--,--,--,FALSE,FALSE,FALSE,FALSE,,26,D. Crockrom,Not Available,NA,Starzz,,15,UTH,,220809015,2002,2,2002-08-10,
Andrea Gardner,Starzz,--,-----,-----,-----,--,--,--,--,--,--,--,--,--,--,FALSE,FALSE,FALSE,FALSE,,29,A. Gardner,Not Available,NA,Starzz,,15,UTH,,220809015,2002,2,2002-08-10,
Amy Herrig,Starzz,--,-----,-----,-----,--,--,--,--,--,--,--,--,--,--,FALSE,FALSE,FALSE,FALSE,,31,A. Herrig,Not Available,NA,Starzz,,15,UTH,,220809015,2002,2,2002-08-10,
LaTonya Johnson,Starzz,--,-----,-----,-----,--,--,--,--,--,--,--,--,--,--,FALSE,FALSE,FALSE,FALSE,,228,L. Johnson,Not Available,NA,Starzz,,15,UTH,,220809015,2002,2,2002-08-10,
Semeka Randall,Starzz,--,-----,-----,-----,--,--,--,--,--,--,--,--,--,--,FALSE,FALSE,FALSE,TRUE,,333,S. Randall,Not Available,NA,Starzz,,15,UTH,,220809015,2002,2,2002-08-10,
Katie Douglas,Miracle,--,-----,-----,-----,--,--,--,--,--,--,--,--,--,--,TRUE,FALSE,FALSE,FALSE,23,156,K. Douglas,Guard,G,Miracle,,10,ORL,,220722006,2002,2,2002-07-23,
Shannon Johnson,Miracle,--,-----,-----,-----,--,--,--,--,--,--,--,--,--,--,TRUE,FALSE,FALSE,TRUE,,230,S. Johnson,Not Available,NA,Miracle,,10,ORL,,220722006,2002,2,2002-07-23,
Clarisse Machanguana,Miracle,--,-----,-----,-----,--,--,--,--,--,--,--,--,--,--,TRUE,FALSE,FALSE,FALSE,,267,C. Machanguana,Not Available,NA,Miracle,,10,ORL,,220722006,2002,2,2002-07-23,
Wendy Palmer,Miracle,--,-----,-----,-----,--,--,--,--,--,--,--,--,--,--,TRUE,FALSE,FALSE,TRUE,,317,W. Palmer,Not Available,NA,Miracle,,10,ORL,,220722006,2002,2,2002-07-23,
Nykesha Sales,Miracle,--,-----,-----,-----,--,--,--,--,--,--,--,--,--,--,TRUE,FALSE,FALSE,TRUE,,349,N. Sales,Not Available,NA,Miracle,,10,ORL,,220722006,2002,2,2002-07-23,
Cintia Dos Santos,Miracle,--,-----,-----,-----,--,--,--,--,--,--,--,--,--,--,FALSE,FALSE,FALSE,FALSE,,155,C. Dos Santos,Not Available,NA,Miracle,,10,ORL,,220722006,2002,2,2002-07-23,
Jessie Hicks,Miracle,--,-----,-----,-----,--,--,--,--,--,--,--,--,--,--,FALSE,FALSE,FALSE,TRUE,,209,J. Hicks,Not Available,NA,Miracle,,10,ORL,,220722006,2002,2,2002-07-23,
Adrienne Johnson,Miracle,--,-----,-----,-----,--,--,--,--,--,--,--,--,--,--,FALSE,FALSE,FALSE,TRUE,,226,A. Johnson,Not Available,NA,Miracle,,10,ORL,,220722006,2002,2,2002-07-23,
Tiffany McCain,Miracle,--,-----,-----,-----,--,--,--,--,--,--,--,--,--,--,FALSE,FALSE,FALSE,FALSE,,280,T. McCain,Not Available,NA,Miracle,,10,ORL,,220722006,2002,2,2002-07-23,
Brooke Wyckoff,Miracle,--,-----,-----,-----,--,--,--,--,--,--,--,--,--,--,FALSE,FALSE,FALSE,FALSE,,442,B. Wyckoff,Not Available,NA,Miracle,,10,ORL,,220722006,2002,2,2002-07-23,
Davalyn Cunningham,Miracle,--,-----,-----,-----,--,--,--,--,--,--,--,--,--,--,FALSE,FALSE,FALSE,FALSE,,451,D. Cunningham,Not Available,NA,Miracle,,10,ORL,,220722006,2002,2,2002-07-23,
DeLisha Milton-Jones,Sparks,--,-----,-----,-----,--,--,--,--,--,--,--,--,--,--,TRUE,FALSE,FALSE,TRUE,1,9,D. Milton-Jones,Forward,F,Sparks,https://a.espncdn.com/i/teamlogos/wnba/500/los.png,6,LOS,532481,220722006,2002,2,2002-07-23,
Tamecka Dixon,Sparks,--,-----,-----,-----,--,--,--,--,--,--,--,--,--,--,TRUE,FALSE,FALSE,TRUE,,3,T. Dixon,Not Available,NA,Sparks,https://a.espncdn.com/i/teamlogos/wnba/500/los.png,6,LOS,532481,220722006,2002,2,2002-07-23,
Lisa Leslie,Sparks,--,-----,-----,-----,--,--,--,--,--,--,--,--,--,--,TRUE,FALSE,FALSE,TRUE,,6,L. Leslie,Not Available,NA,Sparks,https://a.espncdn.com/i/teamlogos/wnba/500/los.png,6,LOS,532481,220722006,2002,2,2002-07-23,
Mwadi Mabika,Sparks,--,-----,-----,-----,--,--,--,--,--,--,--,--,--,--,TRUE,FALSE,FALSE,TRUE,,7,M. Mabika,Not Available,NA,Sparks,https://a.espncdn.com/i/teamlogos/wnba/500/los.png,6,LOS,532481,220722006,2002,2,2002-07-23,
Nikki Teasley,Sparks,--,-----,-----,-----,--,--,--,--,--,--,--,--,--,--,TRUE,FALSE,FALSE,FALSE,,10,N. Teasley,Not Available,NA,Sparks,https://a.espncdn.com/i/teamlogos/wnba/500/los.png,6,LOS,532481,220722006,2002,2,2002-07-23,
Erika de Souza,Sparks,--,-----,-----,-----,--,--,--,--,--,--,--,--,--,--,FALSE,FALSE,FALSE,FALSE,14,2,E. de Souza,Forward,F,Sparks,https://a.espncdn.com/i/teamlogos/wnba/500/los.png,6,LOS,532481,220722006,2002,2,2002-07-23,
Latasha Byears,Sparks,--,-----,-----,-----,--,--,--,--,--,--,--,--,--,--,FALSE,FALSE,FALSE,FALSE,,1,L. Byears,Not Available,NA,Sparks,https://a.espncdn.com/i/teamlogos/wnba/500/los.png,6,LOS,532481,220722006,2002,2,2002-07-23,
Vedrana Grgin Fonseca,Sparks,--,-----,-----,-----,--,--,--,--,--,--,--,--,--,--,FALSE,FALSE,FALSE,FALSE,,4,V. Grgin Fonseca,Not Available,NA,Sparks,https://a.espncdn.com/i/teamlogos/wnba/500/los.png,6,LOS,532481,220722006,2002,2,2002-07-23,
Nicky McCrimmon,Sparks,--,-----,-----,-----,--,--,--,--,--,--,--,--,--,--,FALSE,FALSE,FALSE,FALSE,,8,N. McCrimmon,Not Available,NA,Sparks,https://a.espncdn.com/i/teamlogos/wnba/500/los.png,6,LOS,532481,220722006,2002,2,2002-07-23,
Sophia Witherspoon,Sparks,--,-----,-----,-----,--,--,--,--,--,--,--,--,--,--,FALSE,FALSE,FALSE,TRUE,,11,S. Witherspoon,Not Available,NA,Sparks,https://a.espncdn.com/i/teamlogos/wnba/500/los.png,6,LOS,532481,220722006,2002,2,2002-07-23,
Marlies Askamp,Sparks,--,-----,-----,-----,--,--,--,--,--,--,--,--,--,--,FALSE,FALSE,FALSE,FALSE,,63,M. Askamp,Not Available,NA,Sparks,https://a.espncdn.com/i/teamlogos/wnba/500/los.png,6,LOS,532481,220722006,2002,2,2002-07-23,
Tammy  Sutton-Brown,Sting,--,-----,-----,-----,--,--,--,--,--,--,--,--,--,--,TRUE,FALSE,FALSE,FALSE,8,384,T. Sutton-Brown,Center,C,Sting,https://a.espncdn.com/i/teamlogos/wnba/500/cha.png,1,CHA,,220722005,2002,2,2002-07-23,
Allison Feaster,Sting,--,-----,-----,-----,--,--,--,--,--,--,--,--,--,--,TRUE,FALSE,FALSE,TRUE,,167,A. Feaster,Not Available,NA,Sting,https://a.espncdn.com/i/teamlogos/wnba/500/cha.png,1,CHA,,220722005,2002,2,2002-07-23,
Charlotte Smith,Sting,--,-----,-----,-----,--,--,--,--,--,--,--,--,--,--,TRUE,FALSE,FALSE,FALSE,,364,C. Smith,Not Available,NA,Sting,https://a.espncdn.com/i/teamlogos/wnba/500/cha.png,1,CHA,,220722005,2002,2,2002-07-23,
Dawn Staley,Sting,--,-----,-----,-----,--,--,--,--,--,--,--,--,--,--,TRUE,FALSE,FALSE,TRUE,,375,D. Staley,Not Available,NA,Sting,https://a.espncdn.com/i/teamlogos/wnba/500/cha.png,1,CHA,,220722005,2002,2,2002-07-23,
Andrea Stinson,Sting,--,-----,-----,-----,--,--,--,--,--,--,--,--,--,--,TRUE,FALSE,FALSE,TRUE,,380,A. Stinson,Not Available,NA,Sting,https://a.espncdn.com/i/teamlogos/wnba/500/cha.png,1,CHA,,220722005,2002,2,2002-07-23,
Kelly  Miller,Sting,--,-----,-----,-----,--,--,--,--,--,--,--,--,--,--,FALSE,FALSE,FALSE,FALSE,2,292,K. Miller,Guard,G,Sting,https://a.espncdn.com/i/teamlogos/wnba/500/cha.png,1,CHA,,220722005,2002,2,2002-07-23,
Keisha Anderson,Sting,--,-----,-----,-----,--,--,--,--,--,--,--,--,--,--,FALSE,FALSE,FALSE,FALSE,,58,K. Anderson,Not Available,NA,Sting,https://a.espncdn.com/i/teamlogos/wnba/500/cha.png,1,CHA,,220722005,2002,2,2002-07-23,
Erin Buescher,Sting,--,-----,-----,-----,--,--,--,--,--,--,--,--,--,--,FALSE,FALSE,FALSE,TRUE,,112,E. Buescher,Not Available,NA,Sting,https://a.espncdn.com/i/teamlogos/wnba/500/cha.png,1,CHA,,220722005,2002,2,2002-07-23,
Tonya Edwards,Sting,--,-----,-----,-----,--,--,--,--,--,--,--,--,--,--,FALSE,FALSE,FALSE,FALSE,,160,T. Edwards,Not Available,NA,Sting,https://a.espncdn.com/i/teamlogos/wnba/500/cha.png,1,CHA,,220722005,2002,2,2002-07-23,
Shalonda Enis,Sting,--,-----,-----,-----,--,--,--,--,--,--,--,--,--,--,FALSE,FALSE,FALSE,FALSE,,162,S. Enis,Not Available,NA,Sting,https://a.espncdn.com/i/teamlogos/wnba/500/cha.png,1,CHA,,220722005,2002,2,2002-07-23,
Summer Erb,Sting,--,-----,-----,-----,--,--,--,--,--,--,--,--,--,--,FALSE,FALSE,FALSE,TRUE,,163,S. Erb,Not Available,NA,Sting,https://a.espncdn.com/i/teamlogos/wnba/500/cha.png,1,CHA,,220722005,2002,2,2002-07-23,
Sheila Lambert,Sting,--,-----,-----,-----,--,--,--,--,--,--,--,--,--,--,FALSE,FALSE,FALSE,FALSE,,251,S. Lambert,Not Available,NA,Sting,https://a.espncdn.com/i/teamlogos/wnba/500/cha.png,1,CHA,,220722005,2002,2,2002-07-23,
Tamika Catchings,Fever,--,-----,-----,-----,--,--,--,--,--,--,--,--,--,--,TRUE,FALSE,FALSE,TRUE,24,125,T. Catchings,Forward,F,Fever,https://a.espncdn.com/i/teamlogos/wnba/500/ind.png,5,IND,e2382f,220722005,2002,2,2002-07-23,
Niele Ivey,Fever,--,-----,-----,-----,--,--,--,--,--,--,--,--,--,--,TRUE,FALSE,FALSE,TRUE,,220,N. Ivey,Not Available,NA,Fever,https://a.espncdn.com/i/teamlogos/wnba/500/ind.png,5,IND,e2382f,220722005,2002,2,2002-07-23,
Nadine Malcolm,Fever,--,-----,-----,-----,--,--,--,--,--,--,--,--,--,--,TRUE,FALSE,FALSE,FALSE,,271,N. Malcolm,Not Available,NA,Fever,https://a.espncdn.com/i/teamlogos/wnba/500/ind.png,5,IND,e2382f,220722005,2002,2,2002-07-23,
Nikki McCray-Penson,Fever,--,-----,-----,-----,--,--,--,--,--,--,--,--,--,--,TRUE,FALSE,FALSE,TRUE,,282,N. McCray-Penson,Not Available,NA,Fever,https://a.espncdn.com/i/teamlogos/wnba/500/ind.png,5,IND,e2382f,220722005,2002,2,2002-07-23,
Olympia Scott,Fever,--,-----,-----,-----,--,--,--,--,--,--,--,--,--,--,TRUE,FALSE,FALSE,TRUE,,359,O. Scott,Not Available,NA,Fever,https://a.espncdn.com/i/teamlogos/wnba/500/ind.png,5,IND,e2382f,220722005,2002,2,2002-07-23,
Monica Maxwell,Fever,--,-----,-----,-----,--,--,--,--,--,--,--,--,--,--,FALSE,FALSE,FALSE,FALSE,,277,M. Maxwell,Not Available,NA,Fever,https://a.espncdn.com/i/teamlogos/wnba/500/ind.png,5,IND,e2382f,220722005,2002,2,2002-07-23,
Jackie Moore,Fever,--,-----,-----,-----,--,--,--,--,--,--,--,--,--,--,FALSE,FALSE,FALSE,FALSE,,297,J. Moore,Not Available,NA,Fever,https://a.espncdn.com/i/teamlogos/wnba/500/ind.png,5,IND,e2382f,220722005,2002,2,2002-07-23,
Bridget Pettis,Fever,--,-----,-----,-----,--,--,--,--,--,--,--,--,--,--,FALSE,FALSE,FALSE,TRUE,,323,B. Pettis,Not Available,NA,Fever,https://a.espncdn.com/i/teamlogos/wnba/500/ind.png,5,IND,e2382f,220722005,2002,2,2002-07-23,
Kelly Schumacher,Fever,--,-----,-----,-----,--,--,--,--,--,--,--,--,--,--,FALSE,FALSE,FALSE,FALSE,,358,K. Schumacher,Not Available,NA,Fever,https://a.espncdn.com/i/teamlogos/wnba/500/ind.png,5,IND,e2382f,220722005,2002,2,2002-07-23,
Alicia Thompson,Fever,--,-----,-----,-----,--,--,--,--,--,--,--,--,--,--,FALSE,FALSE,FALSE,FALSE,,393,A. Thompson,Not Available,NA,Fever,https://a.espncdn.com/i/teamlogos/wnba/500/ind.png,5,IND,e2382f,220722005,2002,2,2002-07-23,
Coquese Washington,Fever,--,-----,-----,-----,--,--,--,--,--,--,--,--,--,--,FALSE,FALSE,FALSE,FALSE,,420,C. Washington,Not Available,NA,Fever,https://a.espncdn.com/i/teamlogos/wnba/500/ind.png,5,IND,e2382f,220722005,2002,2,2002-07-23,
Penny Taylor,Rockers,--,-----,-----,-----,--,--,--,--,--,--,--,--,--,--,TRUE,FALSE,FALSE,FALSE,13,388,P. Taylor,Forward,F,Rockers,,2,CLE,,220722009,2002,2,2002-07-22,
Ann Wauters,Rockers,--,-----,-----,-----,--,--,--,--,--,--,--,--,--,--,TRUE,FALSE,FALSE,FALSE,,423,A. Wauters,Center,C,Rockers,,2,CLE,,220722009,2002,2,2002-07-22,
Merlakia Jones,Rockers,--,-----,-----,-----,--,--,--,--,--,--,--,--,--,--,TRUE,FALSE,FALSE,FALSE,,239,M. Jones,Not Available,NA,Rockers,,2,CLE,,220722009,2002,2,2002-07-22,
Chasity Melvin,Rockers,--,-----,-----,-----,--,--,--,--,--,--,--,--,--,--,TRUE,FALSE,FALSE,FALSE,,289,C. Melvin,Not Available,NA,Rockers,,2,CLE,,220722009,2002,2,2002-07-22,
Jennifer Rizzotti,Rockers,--,-----,-----,-----,--,--,--,--,--,--,--,--,--,--,TRUE,FALSE,FALSE,FALSE,,342,J. Rizzotti,Not Available,NA,Rockers,,2,CLE,,220722009,2002,2,2002-07-22,
Mery Andrade,Rockers,--,-----,-----,-----,--,--,--,--,--,--,--,--,--,--,FALSE,FALSE,FALSE,TRUE,,59,M. Andrade,Not Available,NA,Rockers,,2,CLE,,220722009,2002,2,2002-07-22,
Tricia Bader Binford,Rockers,--,-----,-----,-----,--,--,--,--,--,--,--,--,--,--,FALSE,FALSE,FALSE,TRUE,,65,T. Bader Binford,Not Available,NA,Rockers,,2,CLE,,220722009,2002,2,2002-07-22,
Rushia Brown,Rockers,--,-----,-----,-----,--,--,--,--,--,--,--,--,--,--,FALSE,FALSE,FALSE,TRUE,,110,R. Brown,Not Available,NA,Rockers,,2,CLE,,220722009,2002,2,2002-07-22,
Tracy Henderson,Rockers,--,-----,-----,-----,--,--,--,--,--,--,--,--,--,--,FALSE,FALSE,FALSE,TRUE,,206,T. Henderson,Not Available,NA,Rockers,,2,CLE,,220722009,2002,2,2002-07-22,
Deanna Jackson,Rockers,--,-----,-----,-----,--,--,--,--,--,--,--,--,--,--,FALSE,FALSE,FALSE,TRUE,,221,D. Jackson,Not Available,NA,Rockers,,2,CLE,,220722009,2002,2,2002-07-22,
Brandi McCain,Rockers,--,-----,-----,-----,--,--,--,--,--,--,--,--,--,--,FALSE,FALSE,FALSE,FALSE,,278,B. McCain,Not Available,NA,Rockers,,2,CLE,,220722009,2002,2,2002-07-22,
Tari Phillips,Liberty,--,-----,-----,-----,--,--,--,--,--,--,--,--,--,--,TRUE,FALSE,FALSE,FALSE,,18,T. Phillips,Forward,F,Liberty,https://a.espncdn.com/i/teamlogos/wnba/500/nyl.png,9,NYL,0d79b9,220722009,2002,2,2002-07-22,
Vickie Johnson,Liberty,--,-----,-----,-----,--,--,--,--,--,--,--,--,--,--,TRUE,FALSE,FALSE,FALSE,,16,V. Johnson,Guard,G,Liberty,https://a.espncdn.com/i/teamlogos/wnba/500/nyl.png,9,NYL,0d79b9,220722009,2002,2,2002-07-22,
Teresa Weatherspoon,Liberty,--,-----,-----,-----,--,--,--,--,--,--,--,--,--,--,TRUE,FALSE,FALSE,FALSE,,20,T. Weatherspoon,Guard,G,Liberty,https://a.espncdn.com/i/teamlogos/wnba/500/nyl.png,9,NYL,0d79b9,220722009,2002,2,2002-07-22,
Crystal Robinson,Liberty,--,-----,-----,-----,--,--,--,--,--,--,--,--,--,--,TRUE,FALSE,FALSE,FALSE,,19,C. Robinson,Not Available,NA,Liberty,https://a.espncdn.com/i/teamlogos/wnba/500/nyl.png,9,NYL,0d79b9,220722009,2002,2,2002-07-22,
Tamika Whitmore,Liberty,--,-----,-----,-----,--,--,--,--,--,--,--,--,--,--,TRUE,FALSE,FALSE,FALSE,,21,T. Whitmore,Not Available,NA,Liberty,https://a.espncdn.com/i/teamlogos/wnba/500/nyl.png,9,NYL,0d79b9,220722009,2002,2,2002-07-22,
Becky Hammon,Liberty,--,-----,-----,-----,--,--,--,--,--,--,--,--,--,--,FALSE,FALSE,FALSE,TRUE,25,14,B. Hammon,Guard,G,Liberty,https://a.espncdn.com/i/teamlogos/wnba/500/nyl.png,9,NYL,0d79b9,220722009,2002,2,2002-07-22,
Korie Hlede,Liberty,--,-----,-----,-----,--,--,--,--,--,--,--,--,--,--,FALSE,FALSE,FALSE,TRUE,,15,K. Hlede,Guard,G,Liberty,https://a.espncdn.com/i/teamlogos/wnba/500/nyl.png,9,NYL,0d79b9,220722009,2002,2,2002-07-22,
Camille Cooper,Liberty,--,-----,-----,-----,--,--,--,--,--,--,--,--,--,--,FALSE,FALSE,FALSE,TRUE,,12,C. Cooper,Not Available,NA,Liberty,https://a.espncdn.com/i/teamlogos/wnba/500/nyl.png,9,NYL,0d79b9,220722009,2002,2,2002-07-22,
Linda Frohlich,Liberty,--,-----,-----,-----,--,--,--,--,--,--,--,--,--,--,FALSE,FALSE,FALSE,TRUE,,13,L. Frohlich,Not Available,NA,Liberty,https://a.espncdn.com/i/teamlogos/wnba/500/nyl.png,9,NYL,0d79b9,220722009,2002,2,2002-07-22,
Bernadette Ngoyisa,Liberty,--,-----,-----,-----,--,--,--,--,--,--,--,--,--,--,FALSE,FALSE,FALSE,TRUE,,17,B. Ngoyisa,Not Available,NA,Liberty,https://a.espncdn.com/i/teamlogos/wnba/500/nyl.png,9,NYL,0d79b9,220722009,2002,2,2002-07-22,
Sue Wicks,Liberty,--,-----,-----,-----,--,--,--,--,--,--,--,--,--,--,FALSE,FALSE,FALSE,FALSE,,22,S. Wicks,Not Available,NA,Liberty,https://a.espncdn.com/i/teamlogos/wnba/500/nyl.png,9,NYL,0d79b9,220722009,2002,2,2002-07-22,
Sheri Sam,Sol,--,-----,-----,-----,--,--,--,--,--,--,--,--,--,--,TRUE,FALSE,FALSE,TRUE,,350,S. Sam,Forward,F,Sol,,7,MIA,,220720003,2002,2,2002-07-20,
Debbie Black,Sol,--,-----,-----,-----,--,--,--,--,--,--,--,--,--,--,TRUE,FALSE,FALSE,TRUE,,93,D. Black,Not Available,NA,Sol,,7,MIA,,220720003,2002,2,2002-07-20,
Sandy Brondello,Sol,--,-----,-----,-----,--,--,--,--,--,--,--,--,--,--,TRUE,FALSE,FALSE,FALSE,,103,S. Brondello,Not Available,NA,Sol,,7,MIA,,220720003,2002,2,2002-07-20,
Pollyanna Johns Kimbrough,Sol,--,-----,-----,-----,--,--,--,--,--,--,--,--,--,--,TRUE,FALSE,FALSE,TRUE,,225,P. Johns Kimbrough,Not Available,NA,Sol,,7,MIA,,220720003,2002,2,2002-07-20,
Vanessa Nygaard,Sol,--,-----,-----,-----,--,--,--,--,--,--,--,--,--,--,TRUE,FALSE,FALSE,FALSE,,313,V. Nygaard,Not Available,NA,Sol,,7,MIA,,220720003,2002,2,2002-07-20,
Ruth Riley,Sol,--,-----,-----,-----,--,--,--,--,--,--,--,--,--,--,FALSE,FALSE,FALSE,FALSE,00,341,R. Riley,Center,C,Sol,,7,MIA,,220720003,2002,2,2002-07-20,
Betty Lennox,Sol,--,-----,-----,-----,--,--,--,--,--,--,--,--,--,--,FALSE,FALSE,FALSE,TRUE,,37,B. Lennox,Guard,G,Sol,,7,MIA,,220720003,2002,2,2002-07-20,
Iziane Castro,Sol,--,-----,-----,-----,--,--,--,--,--,--,--,--,--,--,FALSE,FALSE,FALSE,FALSE,,124,I. Castro,Guard,G,Sol,,7,MIA,,220720003,2002,2,2002-07-20,
Claudia Neves,Sol,--,-----,-----,-----,--,--,--,--,--,--,--,--,--,--,FALSE,FALSE,FALSE,FALSE,,310,C. Neves,Not Available,NA,Sol,,7,MIA,,220720003,2002,2,2002-07-20,
Kristen Rasmussen,Sol,--,-----,-----,-----,--,--,--,--,--,--,--,--,--,--,FALSE,FALSE,FALSE,TRUE,,334,K. Rasmussen,Not Available,NA,Sol,,7,MIA,,220720003,2002,2,2002-07-20,
Lindsey Yamasaki,Sol,--,-----,-----,-----,--,--,--,--,--,--,--,--,--,--,FALSE,FALSE,FALSE,FALSE,,444,L. Yamasaki,Not Available,NA,Sol,,7,MIA,,220720003,2002,2,2002-07-20,
Swin Cash,Shock,--,-----,-----,-----,--,--,--,--,--,--,--,--,--,--,TRUE,FALSE,FALSE,TRUE,32,122,S. Cash,Forward,F,Shock,,3,TUL,11213e,220720003,2002,2,2002-07-20,
Barbara Farris,Shock,--,-----,-----,-----,--,--,--,--,--,--,--,--,--,--,TRUE,FALSE,FALSE,FALSE,,166,B. Farris,Forward,F,Shock,,3,TUL,11213e,220720003,2002,2,2002-07-20,
Deanna  Nolan,Shock,--,-----,-----,-----,--,--,--,--,--,--,--,--,--,--,TRUE,FALSE,FALSE,TRUE,,312,D. Nolan,Guard,G,Shock,,3,TUL,11213e,220720003,2002,2,2002-07-20,
Astou Ndiaye-Diatta,Shock,--,-----,-----,-----,--,--,--,--,--,--,--,--,--,--,TRUE,FALSE,FALSE,FALSE,,308,A. Ndiaye-Diatta,Not Available,NA,Shock,,3,TUL,11213e,220720003,2002,2,2002-07-20,
Elaine Powell,Shock,--,-----,-----,-----,--,--,--,--,--,--,--,--,--,--,TRUE,FALSE,FALSE,TRUE,,328,E. Powell,Not Available,NA,Shock,,3,TUL,11213e,220720003,2002,2,2002-07-20,
Dominique  Canty,Shock,--,-----,-----,-----,--,--,--,--,--,--,--,--,--,--,FALSE,FALSE,FALSE,FALSE,3,121,D. Canty,Guard,G,Shock,,3,TUL,11213e,220720003,2002,2,2002-07-20,
Edwina Brown,Shock,--,-----,-----,-----,--,--,--,--,--,--,--,--,--,--,FALSE,FALSE,FALSE,FALSE,,106,E. Brown,Not Available,NA,Shock,,3,TUL,11213e,220720003,2002,2,2002-07-20,
Jill Chapman,Shock,--,-----,-----,-----,--,--,--,--,--,--,--,--,--,--,FALSE,FALSE,FALSE,FALSE,,129,J. Chapman,Not Available,NA,Shock,,3,TUL,11213e,220720003,2002,2,2002-07-20,
Stacy Clinesmith,Shock,--,-----,-----,-----,--,--,--,--,--,--,--,--,--,--,FALSE,FALSE,FALSE,FALSE,,135,S. Clinesmith,Not Available,NA,Shock,,3,TUL,11213e,220720003,2002,2,2002-07-20,
Kelly Santos,Shock,--,-----,-----,-----,--,--,--,--,--,--,--,--,--,--,FALSE,FALSE,FALSE,TRUE,,352,K. Santos,Not Available,NA,Shock,,3,TUL,11213e,220720003,2002,2,2002-07-20,
Ayana Walker,Shock,--,-----,-----,-----,--,--,--,--,--,--,--,--,--,--,FALSE,FALSE,FALSE,TRUE,,414,A. Walker,Not Available,NA,Shock,,3,TUL,11213e,220720003,2002,2,2002-07-20,
Lenae Williams,Shock,--,-----,-----,-----,--,--,--,--,--,--,--,--,--,--,FALSE,FALSE,FALSE,FALSE,,431,L. Williams,Not Available,NA,Shock,,3,TUL,11213e,220720003,2002,2,2002-07-20,
DeLisha Milton-Jones,Sparks,--,-----,-----,-----,--,--,--,--,--,--,--,--,--,--,TRUE,FALSE,FALSE,TRUE,1,9,D. Milton-Jones,Forward,F,Sparks,https://a.espncdn.com/i/teamlogos/wnba/500/los.png,6,LOS,532481,220720002,2002,2,2002-07-20,
Tamecka Dixon,Sparks,--,-----,-----,-----,--,--,--,--,--,--,--,--,--,--,TRUE,FALSE,FALSE,TRUE,,3,T. Dixon,Not Available,NA,Sparks,https://a.espncdn.com/i/teamlogos/wnba/500/los.png,6,LOS,532481,220720002,2002,2,2002-07-20,
Lisa Leslie,Sparks,--,-----,-----,-----,--,--,--,--,--,--,--,--,--,--,TRUE,FALSE,FALSE,FALSE,,6,L. Leslie,Not Available,NA,Sparks,https://a.espncdn.com/i/teamlogos/wnba/500/los.png,6,LOS,532481,220720002,2002,2,2002-07-20,
Mwadi Mabika,Sparks,--,-----,-----,-----,--,--,--,--,--,--,--,--,--,--,TRUE,FALSE,FALSE,FALSE,,7,M. Mabika,Not Available,NA,Sparks,https://a.espncdn.com/i/teamlogos/wnba/500/los.png,6,LOS,532481,220720002,2002,2,2002-07-20,
Nikki Teasley,Sparks,--,-----,-----,-----,--,--,--,--,--,--,--,--,--,--,TRUE,FALSE,FALSE,FALSE,,10,N. Teasley,Not Available,NA,Sparks,https://a.espncdn.com/i/teamlogos/wnba/500/los.png,6,LOS,532481,220720002,2002,2,2002-07-20,
Erika de Souza,Sparks,--,-----,-----,-----,--,--,--,--,--,--,--,--,--,--,FALSE,FALSE,FALSE,TRUE,14,2,E. de Souza,Forward,F,Sparks,https://a.espncdn.com/i/teamlogos/wnba/500/los.png,6,LOS,532481,220720002,2002,2,2002-07-20,
Latasha Byears,Sparks,--,-----,-----,-----,--,--,--,--,--,--,--,--,--,--,FALSE,FALSE,FALSE,FALSE,,1,L. Byears,Not Available,NA,Sparks,https://a.espncdn.com/i/teamlogos/wnba/500/los.png,6,LOS,532481,220720002,2002,2,2002-07-20,
Vedrana Grgin Fonseca,Sparks,--,-----,-----,-----,--,--,--,--,--,--,--,--,--,--,FALSE,FALSE,FALSE,TRUE,,4,V. Grgin Fonseca,Not Available,NA,Sparks,https://a.espncdn.com/i/teamlogos/wnba/500/los.png,6,LOS,532481,220720002,2002,2,2002-07-20,
Nicky McCrimmon,Sparks,--,-----,-----,-----,--,--,--,--,--,--,--,--,--,--,FALSE,FALSE,FALSE,FALSE,,8,N. McCrimmon,Not Available,NA,Sparks,https://a.espncdn.com/i/teamlogos/wnba/500/los.png,6,LOS,532481,220720002,2002,2,2002-07-20,
Sophia Witherspoon,Sparks,--,-----,-----,-----,--,--,--,--,--,--,--,--,--,--,FALSE,FALSE,FALSE,TRUE,,11,S. Witherspoon,Not Available,NA,Sparks,https://a.espncdn.com/i/teamlogos/wnba/500/los.png,6,LOS,532481,220720002,2002,2,2002-07-20,
Marlies Askamp,Sparks,--,-----,-----,-----,--,--,--,--,--,--,--,--,--,--,FALSE,FALSE,FALSE,FALSE,,63,M. Askamp,Not Available,NA,Sparks,https://a.espncdn.com/i/teamlogos/wnba/500/los.png,6,LOS,532481,220720002,2002,2,2002-07-20,
Penny Taylor,Rockers,--,-----,-----,-----,--,--,--,--,--,--,--,--,--,--,TRUE,FALSE,FALSE,FALSE,13,388,P. Taylor,Forward,F,Rockers,,2,CLE,,220720002,2002,2,2002-07-20,
Ann Wauters,Rockers,--,-----,-----,-----,--,--,--,--,--,--,--,--,--,--,TRUE,FALSE,FALSE,FALSE,,423,A. Wauters,Center,C,Rockers,,2,CLE,,220720002,2002,2,2002-07-20,
Merlakia Jones,Rockers,--,-----,-----,-----,--,--,--,--,--,--,--,--,--,--,TRUE,FALSE,FALSE,FALSE,,239,M. Jones,Not Available,NA,Rockers,,2,CLE,,220720002,2002,2,2002-07-20,
Chasity Melvin,Rockers,--,-----,-----,-----,--,--,--,--,--,--,--,--,--,--,TRUE,FALSE,FALSE,FALSE,,289,C. Melvin,Not Available,NA,Rockers,,2,CLE,,220720002,2002,2,2002-07-20,
Jennifer Rizzotti,Rockers,--,-----,-----,-----,--,--,--,--,--,--,--,--,--,--,TRUE,FALSE,FALSE,FALSE,,342,J. Rizzotti,Not Available,NA,Rockers,,2,CLE,,220720002,2002,2,2002-07-20,
Mery Andrade,Rockers,--,-----,-----,-----,--,--,--,--,--,--,--,--,--,--,FALSE,FALSE,FALSE,TRUE,,59,M. Andrade,Not Available,NA,Rockers,,2,CLE,,220720002,2002,2,2002-07-20,
Tricia Bader Binford,Rockers,--,-----,-----,-----,--,--,--,--,--,--,--,--,--,--,FALSE,FALSE,FALSE,FALSE,,65,T. Bader Binford,Not Available,NA,Rockers,,2,CLE,,220720002,2002,2,2002-07-20,
Rushia Brown,Rockers,--,-----,-----,-----,--,--,--,--,--,--,--,--,--,--,FALSE,FALSE,FALSE,TRUE,,110,R. Brown,Not Available,NA,Rockers,,2,CLE,,220720002,2002,2,2002-07-20,
Tracy Henderson,Rockers,--,-----,-----,-----,--,--,--,--,--,--,--,--,--,--,FALSE,FALSE,FALSE,TRUE,,206,T. Henderson,Not Available,NA,Rockers,,2,CLE,,220720002,2002,2,2002-07-20,
Deanna Jackson,Rockers,--,-----,-----,-----,--,--,--,--,--,--,--,--,--,--,FALSE,FALSE,FALSE,TRUE,,221,D. Jackson,Not Available,NA,Rockers,,2,CLE,,220720002,2002,2,2002-07-20,
Brandi McCain,Rockers,--,-----,-----,-----,--,--,--,--,--,--,--,--,--,--,FALSE,FALSE,FALSE,TRUE,,278,B. McCain,Not Available,NA,Rockers,,2,CLE,,220720002,2002,2,2002-07-20,
Lisa Harrison,Mercury,--,-----,-----,-----,--,--,--,--,--,--,--,--,--,--,TRUE,FALSE,FALSE,TRUE,,202,L. Harrison,Forward,F,Mercury,https://a.espncdn.com/i/teamlogos/wnba/500/pho.png,11,PHO,3a267d,220719014,2002,2,2002-07-20,
Jennifer Gillom,Mercury,--,-----,-----,-----,--,--,--,--,--,--,--,--,--,--,TRUE,FALSE,FALSE,FALSE,,188,J. Gillom,Not Available,NA,Mercury,https://a.espncdn.com/i/teamlogos/wnba/500/pho.png,11,PHO,3a267d,220719014,2002,2,2002-07-20,
Gordana Grubin,Mercury,--,-----,-----,-----,--,--,--,--,--,--,--,--,--,--,TRUE,FALSE,FALSE,FALSE,,195,G. Grubin,Not Available,NA,Mercury,https://a.espncdn.com/i/teamlogos/wnba/500/pho.png,11,PHO,3a267d,220719014,2002,2,2002-07-20,
Tracy Reid,Mercury,--,-----,-----,-----,--,--,--,--,--,--,--,--,--,--,TRUE,FALSE,FALSE,TRUE,,338,T. Reid,Not Available,NA,Mercury,https://a.espncdn.com/i/teamlogos/wnba/500/pho.png,11,PHO,3a267d,220719014,2002,2,2002-07-20,
Adrian Williams-Strong,Mercury,--,-----,-----,-----,--,--,--,--,--,--,--,--,--,--,TRUE,FALSE,FALSE,FALSE,,428,A. Williams-Strong,Not Available,NA,Mercury,https://a.espncdn.com/i/teamlogos/wnba/500/pho.png,11,PHO,3a267d,220719014,2002,2,2002-07-20,
Michele Van Gorp,Mercury,--,-----,-----,-----,--,--,--,--,--,--,--,--,--,--,FALSE,FALSE,FALSE,FALSE,,45,M. Van Gorp,Not Available,NA,Mercury,https://a.espncdn.com/i/teamlogos/wnba/500/pho.png,11,PHO,3a267d,220719014,2002,2,2002-07-20,
Kayte Christensen,Mercury,--,-----,-----,-----,--,--,--,--,--,--,--,--,--,--,FALSE,FALSE,FALSE,TRUE,,131,K. Christensen,Not Available,NA,Mercury,https://a.espncdn.com/i/teamlogos/wnba/500/pho.png,11,PHO,3a267d,220719014,2002,2,2002-07-20,
Adriana Moises Pinto,Mercury,--,-----,-----,-----,--,--,--,--,--,--,--,--,--,--,FALSE,FALSE,FALSE,TRUE,,296,A. Moises Pinto,Not Available,NA,Mercury,https://a.espncdn.com/i/teamlogos/wnba/500/pho.png,11,PHO,3a267d,220719014,2002,2,2002-07-20,
Jaynetta Saunders,Mercury,--,-----,-----,-----,--,--,--,--,--,--,--,--,--,--,FALSE,FALSE,FALSE,TRUE,,356,J. Saunders,Not Available,NA,Mercury,https://a.espncdn.com/i/teamlogos/wnba/500/pho.png,11,PHO,3a267d,220719014,2002,2,2002-07-20,
Slobodanka Tuvic,Mercury,--,-----,-----,-----,--,--,--,--,--,--,--,--,--,--,FALSE,FALSE,FALSE,FALSE,,404,S. Tuvic,Not Available,NA,Mercury,https://a.espncdn.com/i/teamlogos/wnba/500/pho.png,11,PHO,3a267d,220719014,2002,2,2002-07-20,
Kristen Veal,Mercury,--,-----,-----,-----,--,--,--,--,--,--,--,--,--,--,FALSE,FALSE,FALSE,FALSE,,409,K. Veal,Not Available,NA,Mercury,https://a.espncdn.com/i/teamlogos/wnba/500/pho.png,11,PHO,3a267d,220719014,2002,2,2002-07-20,
Lauren  Jackson,Storm,--,-----,-----,-----,--,--,--,--,--,--,--,--,--,--,TRUE,FALSE,FALSE,TRUE,15,222,L. Jackson,Forward,F,Storm,https://a.espncdn.com/i/teamlogos/wnba/500/sea.png,14,SEA,05452a,220719014,2002,2,2002-07-20,
Sue Bird,Storm,--,-----,-----,-----,--,--,--,--,--,--,--,--,--,--,TRUE,FALSE,FALSE,TRUE,10,91,S. Bird,Guard,G,Storm,https://a.espncdn.com/i/teamlogos/wnba/500/sea.png,14,SEA,05452a,220719014,2002,2,2002-07-20,https://a.espncdn.com/i/headshots/wnba/players/full/91.png
Adia Oshun Barnes,Storm,--,-----,-----,-----,--,--,--,--,--,--,--,--,--,--,TRUE,FALSE,FALSE,TRUE,,70,A. Barnes,Not Available,NA,Storm,https://a.espncdn.com/i/teamlogos/wnba/500/sea.png,14,SEA,05452a,220719014,2002,2,2002-07-20,
Amanda Lassiter,Storm,--,-----,-----,-----,--,--,--,--,--,--,--,--,--,--,TRUE,FALSE,FALSE,TRUE,,255,A. Lassiter,Not Available,NA,Storm,https://a.espncdn.com/i/teamlogos/wnba/500/sea.png,14,SEA,05452a,220719014,2002,2,2002-07-20,
Kamila Vodichkova,Storm,--,-----,-----,-----,--,--,--,--,--,--,--,--,--,--,TRUE,FALSE,FALSE,FALSE,,411,K. Vodichkova,Not Available,NA,Storm,https://a.espncdn.com/i/teamlogos/wnba/500/sea.png,14,SEA,05452a,220719014,2002,2,2002-07-20,
Simone Edwards,Storm,--,-----,-----,-----,--,--,--,--,--,--,--,--,--,--,FALSE,FALSE,FALSE,FALSE,,159,S. Edwards,Not Available,NA,Storm,https://a.espncdn.com/i/teamlogos/wnba/500/sea.png,14,SEA,05452a,220719014,2002,2,2002-07-20,
Takeisha Lewis,Storm,--,-----,-----,-----,--,--,--,--,--,--,--,--,--,--,FALSE,FALSE,FALSE,TRUE,,259,T. Lewis,Not Available,NA,Storm,https://a.espncdn.com/i/teamlogos/wnba/500/sea.png,14,SEA,05452a,220719014,2002,2,2002-07-20,
Michelle Marciniak,Storm,--,-----,-----,-----,--,--,--,--,--,--,--,--,--,--,FALSE,FALSE,FALSE,FALSE,,275,M. Marciniak,Not Available,NA,Storm,https://a.espncdn.com/i/teamlogos/wnba/500/sea.png,14,SEA,05452a,220719014,2002,2,2002-07-20,
Kate  Paye,Storm,--,-----,-----,-----,--,--,--,--,--,--,--,--,--,--,FALSE,FALSE,FALSE,FALSE,,319,K. Paye,Not Available,NA,Storm,https://a.espncdn.com/i/teamlogos/wnba/500/sea.png,14,SEA,05452a,220719014,2002,2,2002-07-20,
Felicia Ragland,Storm,--,-----,-----,-----,--,--,--,--,--,--,--,--,--,--,FALSE,FALSE,FALSE,FALSE,,331,F. Ragland,Not Available,NA,Storm,https://a.espncdn.com/i/teamlogos/wnba/500/sea.png,14,SEA,05452a,220719014,2002,2,2002-07-20,
Semeka Randall,Storm,--,-----,-----,-----,--,--,--,--,--,--,--,--,--,--,FALSE,FALSE,FALSE,FALSE,,333,S. Randall,Not Available,NA,Storm,https://a.espncdn.com/i/teamlogos/wnba/500/sea.png,14,SEA,05452a,220719014,2002,2,2002-07-20,
Tangela  Smith,Monarchs,--,-----,-----,-----,--,--,--,--,--,--,--,--,--,--,FALSE,FALSE,FALSE,TRUE,50,369,T. Smith,Center,C,Monarchs,https://a.espncdn.com/i/teamlogos/wnba/500/sac.png,13,SAC,,220707012,2002,2,2002-07-08,
Stacey Ford,Monarchs,--,-----,-----,-----,--,--,--,--,--,--,--,--,--,--,FALSE,FALSE,FALSE,TRUE,,174,S. Ford,Not Available,NA,Monarchs,https://a.espncdn.com/i/teamlogos/wnba/500/sac.png,13,SAC,,220707012,2002,2,2002-07-08,
Kara Wolters,Monarchs,--,-----,-----,-----,--,--,--,--,--,--,--,--,--,--,FALSE,FALSE,FALSE,FALSE,,439,K. Wolters,Not Available,NA,Monarchs,https://a.espncdn.com/i/teamlogos/wnba/500/sac.png,13,SAC,,220707012,2002,2,2002-07-08,
DeMya Chakheia Walker,Fire,--,-----,-----,-----,--,--,--,--,--,--,--,--,--,--,FALSE,FALSE,FALSE,TRUE,,416,D. Walker,Forward,F,Fire,,12,POR,,220707012,2002,2,2002-07-08,
Tully  Bevilaqua,Fire,--,-----,-----,-----,--,--,--,--,--,--,--,--,--,--,FALSE,FALSE,FALSE,TRUE,41,89,T. Bevilaqua,Guard,G,Fire,,12,POR,,220707012,2002,2,2002-07-08,
Alisa Burras,Fire,--,-----,-----,-----,--,--,--,--,--,--,--,--,--,--,FALSE,FALSE,FALSE,TRUE,,117,A. Burras,Not Available,NA,Fire,,12,POR,,220707012,2002,2,2002-07-08,
Sylvia Crawley,Fire,--,-----,-----,-----,--,--,--,--,--,--,--,--,--,--,FALSE,FALSE,FALSE,FALSE,,145,S. Crawley,Not Available,NA,Fire,,12,POR,,220707012,2002,2,2002-07-08,
Ukari Figgs,Fire,--,-----,-----,-----,--,--,--,--,--,--,--,--,--,--,FALSE,FALSE,FALSE,TRUE,,168,U. Figgs,Not Available,NA,Fire,,12,POR,,220707012,2002,2,2002-07-08,
Kristin Folkl,Fire,--,-----,-----,-----,--,--,--,--,--,--,--,--,--,--,FALSE,FALSE,FALSE,FALSE,,172,K. Folkl,Not Available,NA,Fire,,12,POR,,220707012,2002,2,2002-07-08,
Amber Hall,Fire,--,-----,-----,-----,--,--,--,--,--,--,--,--,--,--,FALSE,FALSE,FALSE,FALSE,,197,A. Hall,Not Available,NA,Fire,,12,POR,,220707012,2002,2,2002-07-08,
Tamicha Jackson,Fire,--,-----,-----,-----,--,--,--,--,--,--,--,--,--,--,FALSE,FALSE,FALSE,FALSE,,223,T. Jackson,Not Available,NA,Fire,,12,POR,,220707012,2002,2,2002-07-08,
Jenny Mowe,Fire,--,-----,-----,-----,--,--,--,--,--,--,--,--,--,--,FALSE,FALSE,FALSE,FALSE,,303,J. Mowe,Not Available,NA,Fire,,12,POR,,220707012,2002,2,2002-07-08,
Stacey Thomas,Fire,--,-----,-----,-----,--,--,--,--,--,--,--,--,--,--,FALSE,FALSE,FALSE,TRUE,,392,S. Thomas,Not Available,NA,Fire,,12,POR,,220707012,2002,2,2002-07-08,
Carolyn Young,Fire,--,-----,-----,-----,--,--,--,--,--,--,--,--,--,--,FALSE,FALSE,FALSE,FALSE,,445,C. Young,Not Available,NA,Fire,,12,POR,,220707012,2002,2,2002-07-08,
Latasha Byears,Sparks,--,-----,-----,-----,--,--,--,--,--,--,--,--,--,--,TRUE,FALSE,FALSE,TRUE,,1,L. Byears,Not Available,NA,Sparks,https://a.espncdn.com/i/teamlogos/wnba/500/los.png,6,LOS,532481,220615013,2002,2,2002-06-15,
Tamecka Dixon,Sparks,--,-----,-----,-----,--,--,--,--,--,--,--,--,--,--,TRUE,FALSE,FALSE,TRUE,,3,T. Dixon,Not Available,NA,Sparks,https://a.espncdn.com/i/teamlogos/wnba/500/los.png,6,LOS,532481,220615013,2002,2,2002-06-15,
Lisa Leslie,Sparks,--,-----,-----,-----,--,--,--,--,--,--,--,--,--,--,TRUE,FALSE,FALSE,TRUE,,6,L. Leslie,Not Available,NA,Sparks,https://a.espncdn.com/i/teamlogos/wnba/500/los.png,6,LOS,532481,220615013,2002,2,2002-06-15,
Mwadi Mabika,Sparks,--,-----,-----,-----,--,--,--,--,--,--,--,--,--,--,TRUE,FALSE,FALSE,TRUE,,7,M. Mabika,Not Available,NA,Sparks,https://a.espncdn.com/i/teamlogos/wnba/500/los.png,6,LOS,532481,220615013,2002,2,2002-06-15,
Nikki Teasley,Sparks,--,-----,-----,-----,--,--,--,--,--,--,--,--,--,--,TRUE,FALSE,FALSE,TRUE,,10,N. Teasley,Not Available,NA,Sparks,https://a.espncdn.com/i/teamlogos/wnba/500/los.png,6,LOS,532481,220615013,2002,2,2002-06-15,
Erika de Souza,Sparks,--,-----,-----,-----,--,--,--,--,--,--,--,--,--,--,FALSE,FALSE,FALSE,FALSE,14,2,E. de Souza,Forward,F,Sparks,https://a.espncdn.com/i/teamlogos/wnba/500/los.png,6,LOS,532481,220615013,2002,2,2002-06-15,
DeLisha Milton-Jones,Sparks,--,-----,-----,-----,--,--,--,--,--,--,--,--,--,--,FALSE,FALSE,FALSE,FALSE,1,9,D. Milton-Jones,Forward,F,Sparks,https://a.espncdn.com/i/teamlogos/wnba/500/los.png,6,LOS,532481,220615013,2002,2,2002-06-15,
Vedrana Grgin Fonseca,Sparks,--,-----,-----,-----,--,--,--,--,--,--,--,--,--,--,FALSE,FALSE,FALSE,FALSE,,4,V. Grgin Fonseca,Not Available,NA,Sparks,https://a.espncdn.com/i/teamlogos/wnba/500/los.png,6,LOS,532481,220615013,2002,2,2002-06-15,
Nicky McCrimmon,Sparks,--,-----,-----,-----,--,--,--,--,--,--,--,--,--,--,FALSE,FALSE,FALSE,FALSE,,8,N. McCrimmon,Not Available,NA,Sparks,https://a.espncdn.com/i/teamlogos/wnba/500/los.png,6,LOS,532481,220615013,2002,2,2002-06-15,
Sophia Witherspoon,Sparks,--,-----,-----,-----,--,--,--,--,--,--,--,--,--,--,FALSE,FALSE,FALSE,FALSE,,11,S. Witherspoon,Not Available,NA,Sparks,https://a.espncdn.com/i/teamlogos/wnba/500/los.png,6,LOS,532481,220615013,2002,2,2002-06-15,
Katryna Gaither,Sparks,--,-----,-----,-----,--,--,--,--,--,--,--,--,--,--,FALSE,FALSE,FALSE,FALSE,,182,K. Gaither,Not Available,NA,Sparks,https://a.espncdn.com/i/teamlogos/wnba/500/los.png,6,LOS,532481,220615013,2002,2,2002-06-15,
Tangela  Smith,Monarchs,--,-----,-----,-----,--,--,--,--,--,--,--,--,--,--,TRUE,FALSE,FALSE,FALSE,50,369,T. Smith,Center,C,Monarchs,https://a.espncdn.com/i/teamlogos/wnba/500/sac.png,13,SAC,,220615013,2002,2,2002-06-15,
Ticha  Penicheiro,Monarchs,--,-----,-----,-----,--,--,--,--,--,--,--,--,--,--,TRUE,FALSE,FALSE,TRUE,21,321,T. Penicheiro,Guard,G,Monarchs,https://a.espncdn.com/i/teamlogos/wnba/500/sac.png,13,SAC,,220615013,2002,2,2002-06-15,
La'Keshia Frett,Monarchs,--,-----,-----,-----,--,--,--,--,--,--,--,--,--,--,TRUE,FALSE,FALSE,TRUE,,180,L. Frett,Not Available,NA,Monarchs,https://a.espncdn.com/i/teamlogos/wnba/500/sac.png,13,SAC,,220615013,2002,2,2002-06-15,
Kedra Holland-Corn,Monarchs,--,-----,-----,-----,--,--,--,--,--,--,--,--,--,--,TRUE,FALSE,FALSE,TRUE,,214,K. Holland-Corn,Not Available,NA,Monarchs,https://a.espncdn.com/i/teamlogos/wnba/500/sac.png,13,SAC,,220615013,2002,2,2002-06-15,
Hamchetou Maiga-Ba,Monarchs,--,-----,-----,-----,--,--,--,--,--,--,--,--,--,--,TRUE,FALSE,FALSE,TRUE,,270,H. Maiga-Ba,Not Available,NA,Monarchs,https://a.espncdn.com/i/teamlogos/wnba/500/sac.png,13,SAC,,220615013,2002,2,2002-06-15,
Cass Bauer-Bilodeau,Monarchs,--,-----,-----,-----,--,--,--,--,--,--,--,--,--,--,FALSE,FALSE,FALSE,FALSE,,73,C. Bauer-Bilodeau,Not Available,NA,Monarchs,https://a.espncdn.com/i/teamlogos/wnba/500/sac.png,13,SAC,,220615013,2002,2,2002-06-15,
Ruthie Bolton,Monarchs,--,-----,-----,-----,--,--,--,--,--,--,--,--,--,--,FALSE,FALSE,FALSE,TRUE,,95,R. Bolton,Not Available,NA,Monarchs,https://a.espncdn.com/i/teamlogos/wnba/500/sac.png,13,SAC,,220615013,2002,2,2002-06-15,
Stacey Ford,Monarchs,--,-----,-----,-----,--,--,--,--,--,--,--,--,--,--,FALSE,FALSE,FALSE,FALSE,,174,S. Ford,Not Available,NA,Monarchs,https://a.espncdn.com/i/teamlogos/wnba/500/sac.png,13,SAC,,220615013,2002,2,2002-06-15,
Lady Grooms,Monarchs,--,-----,-----,-----,--,--,--,--,--,--,--,--,--,--,FALSE,FALSE,FALSE,FALSE,,194,L. Grooms,Not Available,NA,Monarchs,https://a.espncdn.com/i/teamlogos/wnba/500/sac.png,13,SAC,,220615013,2002,2,2002-06-15,
Andrea Nagy,Monarchs,--,-----,-----,-----,--,--,--,--,--,--,--,--,--,--,FALSE,FALSE,FALSE,FALSE,,306,A. Nagy,Not Available,NA,Monarchs,https://a.espncdn.com/i/teamlogos/wnba/500/sac.png,13,SAC,,220615013,2002,2,2002-06-15,
Kara Wolters,Monarchs,--,-----,-----,-----,--,--,--,--,--,--,--,--,--,--,FALSE,FALSE,FALSE,TRUE,,439,K. Wolters,Not Available,NA,Monarchs,https://a.espncdn.com/i/teamlogos/wnba/500/sac.png,13,SAC,,220615013,2002,2,2002-06-15,
Lauren  Jackson,Storm,--,-----,-----,-----,--,--,--,--,--,--,--,--,--,--,TRUE,FALSE,FALSE,TRUE,15,222,L. Jackson,Forward,F,Storm,https://a.espncdn.com/i/teamlogos/wnba/500/sea.png,14,SEA,05452a,220614011,2002,2,2002-06-15,
Sue Bird,Storm,--,-----,-----,-----,--,--,--,--,--,--,--,--,--,--,TRUE,FALSE,FALSE,TRUE,10,91,S. Bird,Guard,G,Storm,https://a.espncdn.com/i/teamlogos/wnba/500/sea.png,14,SEA,05452a,220614011,2002,2,2002-06-15,https://a.espncdn.com/i/headshots/wnba/players/full/91.png
Adia Oshun Barnes,Storm,--,-----,-----,-----,--,--,--,--,--,--,--,--,--,--,TRUE,FALSE,FALSE,FALSE,,70,A. Barnes,Not Available,NA,Storm,https://a.espncdn.com/i/teamlogos/wnba/500/sea.png,14,SEA,05452a,220614011,2002,2,2002-06-15,
Felicia Ragland,Storm,--,-----,-----,-----,--,--,--,--,--,--,--,--,--,--,TRUE,FALSE,FALSE,TRUE,,331,F. Ragland,Not Available,NA,Storm,https://a.espncdn.com/i/teamlogos/wnba/500/sea.png,14,SEA,05452a,220614011,2002,2,2002-06-15,
Kamila Vodichkova,Storm,--,-----,-----,-----,--,--,--,--,--,--,--,--,--,--,TRUE,FALSE,FALSE,TRUE,,411,K. Vodichkova,Not Available,NA,Storm,https://a.espncdn.com/i/teamlogos/wnba/500/sea.png,14,SEA,05452a,220614011,2002,2,2002-06-15,
Simone Edwards,Storm,--,-----,-----,-----,--,--,--,--,--,--,--,--,--,--,FALSE,FALSE,FALSE,FALSE,,159,S. Edwards,Not Available,NA,Storm,https://a.espncdn.com/i/teamlogos/wnba/500/sea.png,14,SEA,05452a,220614011,2002,2,2002-06-15,
Sonja Henning,Storm,--,-----,-----,-----,--,--,--,--,--,--,--,--,--,--,FALSE,FALSE,FALSE,TRUE,,207,S. Henning,Not Available,NA,Storm,https://a.espncdn.com/i/teamlogos/wnba/500/sea.png,14,SEA,05452a,220614011,2002,2,2002-06-15,
Takeisha Lewis,Storm,--,-----,-----,-----,--,--,--,--,--,--,--,--,--,--,FALSE,FALSE,FALSE,FALSE,,259,T. Lewis,Not Available,NA,Storm,https://a.espncdn.com/i/teamlogos/wnba/500/sea.png,14,SEA,05452a,220614011,2002,2,2002-06-15,
Kate  Paye,Storm,--,-----,-----,-----,--,--,--,--,--,--,--,--,--,--,FALSE,FALSE,FALSE,FALSE,,319,K. Paye,Not Available,NA,Storm,https://a.espncdn.com/i/teamlogos/wnba/500/sea.png,14,SEA,05452a,220614011,2002,2,2002-06-15,
Semeka Randall,Storm,--,-----,-----,-----,--,--,--,--,--,--,--,--,--,--,FALSE,FALSE,FALSE,FALSE,,333,S. Randall,Not Available,NA,Storm,https://a.espncdn.com/i/teamlogos/wnba/500/sea.png,14,SEA,05452a,220614011,2002,2,2002-06-15,
Jamie Redd,Storm,--,-----,-----,-----,--,--,--,--,--,--,--,--,--,--,FALSE,FALSE,FALSE,FALSE,,336,J. Redd,Not Available,NA,Storm,https://a.espncdn.com/i/teamlogos/wnba/500/sea.png,14,SEA,05452a,220614011,2002,2,2002-06-15,
Jennifer Gillom,Mercury,--,-----,-----,-----,--,--,--,--,--,--,--,--,--,--,TRUE,FALSE,FALSE,TRUE,,188,J. Gillom,Not Available,NA,Mercury,https://a.espncdn.com/i/teamlogos/wnba/500/pho.png,11,PHO,3a267d,220614011,2002,2,2002-06-15,
Gordana Grubin,Mercury,--,-----,-----,-----,--,--,--,--,--,--,--,--,--,--,TRUE,FALSE,FALSE,TRUE,,195,G. Grubin,Not Available,NA,Mercury,https://a.espncdn.com/i/teamlogos/wnba/500/pho.png,11,PHO,3a267d,220614011,2002,2,2002-06-15,
Brandy Reed,Mercury,--,-----,-----,-----,--,--,--,--,--,--,--,--,--,--,TRUE,FALSE,FALSE,FALSE,,337,B. Reed,Not Available,NA,Mercury,https://a.espncdn.com/i/teamlogos/wnba/500/pho.png,11,PHO,3a267d,220614011,2002,2,2002-06-15,
Tracy Reid,Mercury,--,-----,-----,-----,--,--,--,--,--,--,--,--,--,--,TRUE,FALSE,FALSE,FALSE,,338,T. Reid,Not Available,NA,Mercury,https://a.espncdn.com/i/teamlogos/wnba/500/pho.png,11,PHO,3a267d,220614011,2002,2,2002-06-15,
Adrian Williams-Strong,Mercury,--,-----,-----,-----,--,--,--,--,--,--,--,--,--,--,TRUE,FALSE,FALSE,FALSE,,428,A. Williams-Strong,Not Available,NA,Mercury,https://a.espncdn.com/i/teamlogos/wnba/500/pho.png,11,PHO,3a267d,220614011,2002,2,2002-06-15,
Lisa Harrison,Mercury,--,-----,-----,-----,--,--,--,--,--,--,--,--,--,--,FALSE,FALSE,FALSE,TRUE,,202,L. Harrison,Forward,F,Mercury,https://a.espncdn.com/i/teamlogos/wnba/500/pho.png,11,PHO,3a267d,220614011,2002,2,2002-06-15,
Susanna Bonfiglio,Mercury,--,-----,-----,-----,--,--,--,--,--,--,--,--,--,--,FALSE,FALSE,FALSE,FALSE,,96,S. Bonfiglio,Not Available,NA,Mercury,https://a.espncdn.com/i/teamlogos/wnba/500/pho.png,11,PHO,3a267d,220614011,2002,2,2002-06-15,
Kayte Christensen,Mercury,--,-----,-----,-----,--,--,--,--,--,--,--,--,--,--,FALSE,FALSE,FALSE,TRUE,,131,K. Christensen,Not Available,NA,Mercury,https://a.espncdn.com/i/teamlogos/wnba/500/pho.png,11,PHO,3a267d,220614011,2002,2,2002-06-15,
Adriana Moises Pinto,Mercury,--,-----,-----,-----,--,--,--,--,--,--,--,--,--,--,FALSE,FALSE,FALSE,TRUE,,296,A. Moises Pinto,Not Available,NA,Mercury,https://a.espncdn.com/i/teamlogos/wnba/500/pho.png,11,PHO,3a267d,220614011,2002,2,2002-06-15,
Jaynetta Saunders,Mercury,--,-----,-----,-----,--,--,--,--,--,--,--,--,--,--,FALSE,FALSE,FALSE,FALSE,,356,J. Saunders,Not Available,NA,Mercury,https://a.espncdn.com/i/teamlogos/wnba/500/pho.png,11,PHO,3a267d,220614011,2002,2,2002-06-15,
Slobodanka Tuvic,Mercury,--,-----,-----,-----,--,--,--,--,--,--,--,--,--,--,FALSE,FALSE,FALSE,FALSE,,404,S. Tuvic,Not Available,NA,Mercury,https://a.espncdn.com/i/teamlogos/wnba/500/pho.png,11,PHO,3a267d,220614011,2002,2,2002-06-15,
DeMya Chakheia Walker,Fire,--,-----,-----,-----,--,--,--,--,--,--,--,--,--,--,TRUE,FALSE,FALSE,TRUE,,416,D. Walker,Forward,F,Fire,,12,POR,,220611014,2002,2,2002-06-12,
Alisa Burras,Fire,--,-----,-----,-----,--,--,--,--,--,--,--,--,--,--,TRUE,FALSE,FALSE,FALSE,,117,A. Burras,Not Available,NA,Fire,,12,POR,,220611014,2002,2,2002-06-12,
Sylvia Crawley,Fire,--,-----,-----,-----,--,--,--,--,--,--,--,--,--,--,TRUE,FALSE,FALSE,TRUE,,145,S. Crawley,Not Available,NA,Fire,,12,POR,,220611014,2002,2,2002-06-12,
Ukari Figgs,Fire,--,-----,-----,-----,--,--,--,--,--,--,--,--,--,--,TRUE,FALSE,FALSE,TRUE,,168,U. Figgs,Not Available,NA,Fire,,12,POR,,220611014,2002,2,2002-06-12,
Tamicha Jackson,Fire,--,-----,-----,-----,--,--,--,--,--,--,--,--,--,--,TRUE,FALSE,FALSE,TRUE,,223,T. Jackson,Not Available,NA,Fire,,12,POR,,220611014,2002,2,2002-06-12,
Tully  Bevilaqua,Fire,--,-----,-----,-----,--,--,--,--,--,--,--,--,--,--,FALSE,FALSE,FALSE,FALSE,41,89,T. Bevilaqua,Guard,G,Fire,,12,POR,,220611014,2002,2,2002-06-12,
LaQuanda Barksdale,Fire,--,-----,-----,-----,--,--,--,--,--,--,--,--,--,--,FALSE,FALSE,FALSE,FALSE,,69,L. Barksdale,Not Available,NA,Fire,,12,POR,,220611014,2002,2,2002-06-12,
Kristin Folkl,Fire,--,-----,-----,-----,--,--,--,--,--,--,--,--,--,--,FALSE,FALSE,FALSE,TRUE,,172,K. Folkl,Not Available,NA,Fire,,12,POR,,220611014,2002,2,2002-06-12,
Jenny Mowe,Fire,--,-----,-----,-----,--,--,--,--,--,--,--,--,--,--,FALSE,FALSE,FALSE,FALSE,,303,J. Mowe,Not Available,NA,Fire,,12,POR,,220611014,2002,2,2002-06-12,
Jackie Stiles,Fire,--,-----,-----,-----,--,--,--,--,--,--,--,--,--,--,FALSE,FALSE,FALSE,FALSE,,378,J. Stiles,Not Available,NA,Fire,,12,POR,,220611014,2002,2,2002-06-12,
Stacey Thomas,Fire,--,-----,-----,-----,--,--,--,--,--,--,--,--,--,--,FALSE,FALSE,FALSE,FALSE,,392,S. Thomas,Not Available,NA,Fire,,12,POR,,220611014,2002,2,2002-06-12,
Lauren  Jackson,Storm,--,-----,-----,-----,--,--,--,--,--,--,--,--,--,--,TRUE,FALSE,FALSE,FALSE,15,222,L. Jackson,Forward,F,Storm,https://a.espncdn.com/i/teamlogos/wnba/500/sea.png,14,SEA,05452a,220611014,2002,2,2002-06-12,
Sue Bird,Storm,--,-----,-----,-----,--,--,--,--,--,--,--,--,--,--,TRUE,FALSE,FALSE,TRUE,10,91,S. Bird,Guard,G,Storm,https://a.espncdn.com/i/teamlogos/wnba/500/sea.png,14,SEA,05452a,220611014,2002,2,2002-06-12,https://a.espncdn.com/i/headshots/wnba/players/full/91.png
Simone Edwards,Storm,--,-----,-----,-----,--,--,--,--,--,--,--,--,--,--,TRUE,FALSE,FALSE,TRUE,,159,S. Edwards,Not Available,NA,Storm,https://a.espncdn.com/i/teamlogos/wnba/500/sea.png,14,SEA,05452a,220611014,2002,2,2002-06-12,
Sonja Henning,Storm,--,-----,-----,-----,--,--,--,--,--,--,--,--,--,--,TRUE,FALSE,FALSE,TRUE,,207,S. Henning,Not Available,NA,Storm,https://a.espncdn.com/i/teamlogos/wnba/500/sea.png,14,SEA,05452a,220611014,2002,2,2002-06-12,
Semeka Randall,Storm,--,-----,-----,-----,--,--,--,--,--,--,--,--,--,--,TRUE,FALSE,FALSE,TRUE,,333,S. Randall,Not Available,NA,Storm,https://a.espncdn.com/i/teamlogos/wnba/500/sea.png,14,SEA,05452a,220611014,2002,2,2002-06-12,
Adia Oshun Barnes,Storm,--,-----,-----,-----,--,--,--,--,--,--,--,--,--,--,FALSE,FALSE,FALSE,FALSE,,70,A. Barnes,Not Available,NA,Storm,https://a.espncdn.com/i/teamlogos/wnba/500/sea.png,14,SEA,05452a,220611014,2002,2,2002-06-12,
Danielle McCulley,Storm,--,-----,-----,-----,--,--,--,--,--,--,--,--,--,--,FALSE,FALSE,FALSE,FALSE,,283,D. McCulley,Not Available,NA,Storm,https://a.espncdn.com/i/teamlogos/wnba/500/sea.png,14,SEA,05452a,220611014,2002,2,2002-06-12,
Kate  Paye,Storm,--,-----,-----,-----,--,--,--,--,--,--,--,--,--,--,FALSE,FALSE,FALSE,FALSE,,319,K. Paye,Not Available,NA,Storm,https://a.espncdn.com/i/teamlogos/wnba/500/sea.png,14,SEA,05452a,220611014,2002,2,2002-06-12,
Felicia Ragland,Storm,--,-----,-----,-----,--,--,--,--,--,--,--,--,--,--,FALSE,FALSE,FALSE,FALSE,,331,F. Ragland,Not Available,NA,Storm,https://a.espncdn.com/i/teamlogos/wnba/500/sea.png,14,SEA,05452a,220611014,2002,2,2002-06-12,
Jamie Redd,Storm,--,-----,-----,-----,--,--,--,--,--,--,--,--,--,--,FALSE,FALSE,FALSE,FALSE,,336,J. Redd,Not Available,NA,Storm,https://a.espncdn.com/i/teamlogos/wnba/500/sea.png,14,SEA,05452a,220611014,2002,2,2002-06-12,
Kamila Vodichkova,Storm,--,-----,-----,-----,--,--,--,--,--,--,--,--,--,--,FALSE,FALSE,FALSE,TRUE,,411,K. Vodichkova,Not Available,NA,Storm,https://a.espncdn.com/i/teamlogos/wnba/500/sea.png,14,SEA,05452a,220611014,2002,2,2002-06-12,
Lauren  Jackson,Storm,--,-----,-----,-----,--,--,--,--,--,--,--,--,--,--,FALSE,FALSE,FALSE,FALSE,15,222,L. Jackson,Forward,F,Storm,https://a.espncdn.com/i/teamlogos/wnba/500/sea.png,14,SEA,05452a,220602012,2002,2,2002-06-02,
Adia Oshun Barnes,Storm,--,-----,-----,-----,--,--,--,--,--,--,--,--,--,--,FALSE,FALSE,FALSE,TRUE,,70,A. Barnes,Not Available,NA,Storm,https://a.espncdn.com/i/teamlogos/wnba/500/sea.png,14,SEA,05452a,220602012,2002,2,2002-06-02,
Takeisha Lewis,Storm,--,-----,-----,-----,--,--,--,--,--,--,--,--,--,--,FALSE,FALSE,FALSE,FALSE,,259,T. Lewis,Not Available,NA,Storm,https://a.espncdn.com/i/teamlogos/wnba/500/sea.png,14,SEA,05452a,220602012,2002,2,2002-06-02,
Danielle McCulley,Storm,--,-----,-----,-----,--,--,--,--,--,--,--,--,--,--,FALSE,FALSE,FALSE,FALSE,,283,D. McCulley,Not Available,NA,Storm,https://a.espncdn.com/i/teamlogos/wnba/500/sea.png,14,SEA,05452a,220602012,2002,2,2002-06-02,
Kate  Paye,Storm,--,-----,-----,-----,--,--,--,--,--,--,--,--,--,--,FALSE,FALSE,FALSE,TRUE,,319,K. Paye,Not Available,NA,Storm,https://a.espncdn.com/i/teamlogos/wnba/500/sea.png,14,SEA,05452a,220602012,2002,2,2002-06-02,
Felicia Ragland,Storm,--,-----,-----,-----,--,--,--,--,--,--,--,--,--,--,FALSE,FALSE,FALSE,FALSE,,331,F. Ragland,Not Available,NA,Storm,https://a.espncdn.com/i/teamlogos/wnba/500/sea.png,14,SEA,05452a,220602012,2002,2,2002-06-02,
Semeka Randall,Storm,--,-----,-----,-----,--,--,--,--,--,--,--,--,--,--,FALSE,FALSE,FALSE,FALSE,,333,S. Randall,Not Available,NA,Storm,https://a.espncdn.com/i/teamlogos/wnba/500/sea.png,14,SEA,05452a,220602012,2002,2,2002-06-02,
Kamila Vodichkova,Storm,--,-----,-----,-----,--,--,--,--,--,--,--,--,--,--,FALSE,FALSE,FALSE,FALSE,,411,K. Vodichkova,Not Available,NA,Storm,https://a.espncdn.com/i/teamlogos/wnba/500/sea.png,14,SEA,05452a,220602012,2002,2,2002-06-02,
DeMya Chakheia Walker,Fire,--,-----,-----,-----,--,--,--,--,--,--,--,--,--,--,FALSE,FALSE,FALSE,TRUE,,416,D. Walker,Forward,F,Fire,,12,POR,,220602012,2002,2,2002-06-02,
LaQuanda Barksdale,Fire,--,-----,-----,-----,--,--,--,--,--,--,--,--,--,--,FALSE,FALSE,FALSE,FALSE,,69,L. Barksdale,Not Available,NA,Fire,,12,POR,,220602012,2002,2,2002-06-02,
Alisa Burras,Fire,--,-----,-----,-----,--,--,--,--,--,--,--,--,--,--,FALSE,FALSE,FALSE,FALSE,,117,A. Burras,Not Available,NA,Fire,,12,POR,,220602012,2002,2,2002-06-02,
Sylvia Crawley,Fire,--,-----,-----,-----,--,--,--,--,--,--,--,--,--,--,FALSE,FALSE,FALSE,TRUE,,145,S. Crawley,Not Available,NA,Fire,,12,POR,,220602012,2002,2,2002-06-02,
Ukari Figgs,Fire,--,-----,-----,-----,--,--,--,--,--,--,--,--,--,--,FALSE,FALSE,FALSE,FALSE,,168,U. Figgs,Not Available,NA,Fire,,12,POR,,220602012,2002,2,2002-06-02,
Kristin Folkl,Fire,--,-----,-----,-----,--,--,--,--,--,--,--,--,--,--,FALSE,FALSE,FALSE,FALSE,,172,K. Folkl,Not Available,NA,Fire,,12,POR,,220602012,2002,2,2002-06-02,
Amber Hall,Fire,--,-----,-----,-----,--,--,--,--,--,--,--,--,--,--,FALSE,FALSE,FALSE,TRUE,,197,A. Hall,Not Available,NA,Fire,,12,POR,,220602012,2002,2,2002-06-02,
Tamicha Jackson,Fire,--,-----,-----,-----,--,--,--,--,--,--,--,--,--,--,FALSE,FALSE,FALSE,TRUE,,223,T. Jackson,Not Available,NA,Fire,,12,POR,,220602012,2002,2,2002-06-02,
Jackie Stiles,Fire,--,-----,-----,-----,--,--,--,--,--,--,--,--,--,--,FALSE,FALSE,FALSE,FALSE,,378,J. Stiles,Not Available,NA,Fire,,12,POR,,220602012,2002,2,2002-06-02,
Stacey Thomas,Fire,--,-----,-----,-----,--,--,--,--,--,--,--,--,--,--,FALSE,FALSE,FALSE,FALSE,,392,S. Thomas,Not Available,NA,Fire,,12,POR,,220602012,2002,2,2002-06-02,
Carolyn Young,Fire,--,-----,-----,-----,--,--,--,--,--,--,--,--,--,--,FALSE,FALSE,FALSE,TRUE,,445,C. Young,Not Available,NA,Fire,,12,POR,,220602012,2002,2,2002-06-02,
Svetlana  Abrosimova,Lynx,--,-----,-----,-----,--,--,--,--,--,--,--,--,--,--,TRUE,FALSE,FALSE,TRUE,25,34,S. Abrosimova,Forward,F,Lynx,https://a.espncdn.com/i/teamlogos/wnba/500/min.png,8,MIN,005084,220528007,2002,2,2002-05-28,
Katie Smith,Lynx,--,-----,-----,-----,--,--,--,--,--,--,--,--,--,--,TRUE,FALSE,FALSE,TRUE,30,40,K. Smith,Guard,G,Lynx,https://a.espncdn.com/i/teamlogos/wnba/500/min.png,8,MIN,005084,220528007,2002,2,2002-05-28,
Georgia Schweitzer,Lynx,--,-----,-----,-----,--,--,--,--,--,--,--,--,--,--,TRUE,FALSE,FALSE,TRUE,,39,G. Schweitzer,Not Available,NA,Lynx,https://a.espncdn.com/i/teamlogos/wnba/500/min.png,8,MIN,005084,220528007,2002,2,2002-05-28,
Val Whiting-Raymond,Lynx,--,-----,-----,-----,--,--,--,--,--,--,--,--,--,--,TRUE,FALSE,FALSE,FALSE,,43,V. Whiting-Raymond,Not Available,NA,Lynx,https://a.espncdn.com/i/teamlogos/wnba/500/min.png,8,MIN,005084,220528007,2002,2,2002-05-28,
Tamika Williams-Jeter,Lynx,--,-----,-----,-----,--,--,--,--,--,--,--,--,--,--,TRUE,FALSE,FALSE,TRUE,,44,T. Williams-Jeter,Not Available,NA,Lynx,https://a.espncdn.com/i/teamlogos/wnba/500/min.png,8,MIN,005084,220528007,2002,2,2002-05-28,
Betty Lennox,Lynx,--,-----,-----,-----,--,--,--,--,--,--,--,--,--,--,FALSE,FALSE,FALSE,TRUE,,37,B. Lennox,Guard,G,Lynx,https://a.espncdn.com/i/teamlogos/wnba/500/min.png,8,MIN,005084,220528007,2002,2,2002-05-28,
Janell Burse,Lynx,--,-----,-----,-----,--,--,--,--,--,--,--,--,--,--,FALSE,FALSE,FALSE,FALSE,,35,J. Burse,Not Available,NA,Lynx,https://a.espncdn.com/i/teamlogos/wnba/500/min.png,8,MIN,005084,220528007,2002,2,2002-05-28,
Shaunzinski Gortman,Lynx,--,-----,-----,-----,--,--,--,--,--,--,--,--,--,--,FALSE,FALSE,FALSE,FALSE,,36,S. Gortman,Not Available,NA,Lynx,https://a.espncdn.com/i/teamlogos/wnba/500/min.png,8,MIN,005084,220528007,2002,2,2002-05-28,
Lynn Pride,Lynx,--,-----,-----,-----,--,--,--,--,--,--,--,--,--,--,FALSE,FALSE,FALSE,FALSE,,38,L. Pride,Not Available,NA,Lynx,https://a.espncdn.com/i/teamlogos/wnba/500/min.png,8,MIN,005084,220528007,2002,2,2002-05-28,
Shanele Stires,Lynx,--,-----,-----,-----,--,--,--,--,--,--,--,--,--,--,FALSE,FALSE,FALSE,FALSE,,41,S. Stires,Not Available,NA,Lynx,https://a.espncdn.com/i/teamlogos/wnba/500/min.png,8,MIN,005084,220528007,2002,2,2002-05-28,
Michele Van Gorp,Lynx,--,-----,-----,-----,--,--,--,--,--,--,--,--,--,--,FALSE,FALSE,FALSE,FALSE,,42,M. Van Gorp,Not Available,NA,Lynx,https://a.espncdn.com/i/teamlogos/wnba/500/min.png,8,MIN,005084,220528007,2002,2,2002-05-28,
Sheri Sam,Sol,--,-----,-----,-----,--,--,--,--,--,--,--,--,--,--,TRUE,FALSE,FALSE,TRUE,,350,S. Sam,Forward,F,Sol,,7,MIA,,220528007,2002,2,2002-05-28,
Marlies Askamp,Sol,--,-----,-----,-----,--,--,--,--,--,--,--,--,--,--,TRUE,FALSE,FALSE,FALSE,,63,M. Askamp,Not Available,NA,Sol,,7,MIA,,220528007,2002,2,2002-05-28,
Debbie Black,Sol,--,-----,-----,-----,--,--,--,--,--,--,--,--,--,--,TRUE,FALSE,FALSE,FALSE,,93,D. Black,Not Available,NA,Sol,,7,MIA,,220528007,2002,2,2002-05-28,
Pollyanna Johns Kimbrough,Sol,--,-----,-----,-----,--,--,--,--,--,--,--,--,--,--,TRUE,FALSE,FALSE,TRUE,,225,P. Johns Kimbrough,Not Available,NA,Sol,,7,MIA,,220528007,2002,2,2002-05-28,
Tamara Moore,Sol,--,-----,-----,-----,--,--,--,--,--,--,--,--,--,--,TRUE,FALSE,FALSE,TRUE,,299,T. Moore,Not Available,NA,Sol,,7,MIA,,220528007,2002,2,2002-05-28,
Ruth Riley,Sol,--,-----,-----,-----,--,--,--,--,--,--,--,--,--,--,FALSE,FALSE,FALSE,FALSE,00,341,R. Riley,Center,C,Sol,,7,MIA,,220528007,2002,2,2002-05-28,
Iziane Castro,Sol,--,-----,-----,-----,--,--,--,--,--,--,--,--,--,--,FALSE,FALSE,FALSE,TRUE,,124,I. Castro,Guard,G,Sol,,7,MIA,,220528007,2002,2,2002-05-28,
Sandy Brondello,Sol,--,-----,-----,-----,--,--,--,--,--,--,--,--,--,--,FALSE,FALSE,FALSE,FALSE,,103,S. Brondello,Not Available,NA,Sol,,7,MIA,,220528007,2002,2,2002-05-28,
Claudia Neves,Sol,--,-----,-----,-----,--,--,--,--,--,--,--,--,--,--,FALSE,FALSE,FALSE,FALSE,,310,C. Neves,Not Available,NA,Sol,,7,MIA,,220528007,2002,2,2002-05-28,
Vanessa Nygaard,Sol,--,-----,-----,-----,--,--,--,--,--,--,--,--,--,--,FALSE,FALSE,FALSE,TRUE,,313,V. Nygaard,Not Available,NA,Sol,,7,MIA,,220528007,2002,2,2002-05-28,
Kristen Rasmussen,Sol,--,-----,-----,-----,--,--,--,--,--,--,--,--,--,--,FALSE,FALSE,FALSE,FALSE,,334,K. Rasmussen,Not Available,NA,Sol,,7,MIA,,220528007,2002,2,2002-05-28,
Marie  Ferdinand-Harris,Starzz,--,-----,-----,-----,--,--,--,--,--,--,--,--,--,--,TRUE,FALSE,FALSE,TRUE,,28,M. Ferdinand-Harris,Guard,G,Starzz,,15,UTH,,220525008,2002,2,2002-05-26,
Jennifer Azzi,Starzz,--,-----,-----,-----,--,--,--,--,--,--,--,--,--,--,TRUE,FALSE,FALSE,TRUE,,24,J. Azzi,Not Available,NA,Starzz,,15,UTH,,220525008,2002,2,2002-05-26,
Margo Dydek,Starzz,--,-----,-----,-----,--,--,--,--,--,--,--,--,--,--,TRUE,FALSE,FALSE,FALSE,,27,M. Dydek,Not Available,NA,Starzz,,15,UTH,,220525008,2002,2,2002-05-26,
Adrienne Goodson,Starzz,--,-----,-----,-----,--,--,--,--,--,--,--,--,--,--,TRUE,FALSE,FALSE,TRUE,,30,A. Goodson,Not Available,NA,Starzz,,15,UTH,,220525008,2002,2,2002-05-26,
Natalie Williams,Starzz,--,-----,-----,-----,--,--,--,--,--,--,--,--,--,--,TRUE,FALSE,FALSE,FALSE,,33,N. Williams,Not Available,NA,Starzz,,15,UTH,,220525008,2002,2,2002-05-26,
Elisa Aguilar,Starzz,--,-----,-----,-----,--,--,--,--,--,--,--,--,--,--,FALSE,FALSE,FALSE,FALSE,,23,E. Aguilar,Not Available,NA,Starzz,,15,UTH,,220525008,2002,2,2002-05-26,
LaNeisha Caufield,Starzz,--,-----,-----,-----,--,--,--,--,--,--,--,--,--,--,FALSE,FALSE,FALSE,FALSE,,25,L. Caufield,Not Available,NA,Starzz,,15,UTH,,220525008,2002,2,2002-05-26,
Danielle Crockrom,Starzz,--,-----,-----,-----,--,--,--,--,--,--,--,--,--,--,FALSE,FALSE,FALSE,FALSE,,26,D. Crockrom,Not Available,NA,Starzz,,15,UTH,,220525008,2002,2,2002-05-26,
Andrea Gardner,Starzz,--,-----,-----,-----,--,--,--,--,--,--,--,--,--,--,FALSE,FALSE,FALSE,FALSE,,29,A. Gardner,Not Available,NA,Starzz,,15,UTH,,220525008,2002,2,2002-05-26,
Amy Herrig,Starzz,--,-----,-----,-----,--,--,--,--,--,--,--,--,--,--,FALSE,FALSE,FALSE,TRUE,,31,A. Herrig,Not Available,NA,Starzz,,15,UTH,,220525008,2002,2,2002-05-26,
Kate Starbird,Starzz,--,-----,-----,-----,--,--,--,--,--,--,--,--,--,--,FALSE,FALSE,FALSE,TRUE,,32,K. Starbird,Not Available,NA,Starzz,,15,UTH,,220525008,2002,2,2002-05-26,
Svetlana  Abrosimova,Lynx,--,-----,-----,-----,--,--,--,--,--,--,--,--,--,--,TRUE,FALSE,FALSE,TRUE,25,34,S. Abrosimova,Forward,F,Lynx,https://a.espncdn.com/i/teamlogos/wnba/500/min.png,8,MIN,005084,220525008,2002,2,2002-05-26,
Betty Lennox,Lynx,--,-----,-----,-----,--,--,--,--,--,--,--,--,--,--,TRUE,FALSE,FALSE,TRUE,,37,B. Lennox,Guard,G,Lynx,https://a.espncdn.com/i/teamlogos/wnba/500/min.png,8,MIN,005084,220525008,2002,2,2002-05-26,
Shaunzinski Gortman,Lynx,--,-----,-----,-----,--,--,--,--,--,--,--,--,--,--,TRUE,FALSE,FALSE,FALSE,,36,S. Gortman,Not Available,NA,Lynx,https://a.espncdn.com/i/teamlogos/wnba/500/min.png,8,MIN,005084,220525008,2002,2,2002-05-26,
Michele Van Gorp,Lynx,--,-----,-----,-----,--,--,--,--,--,--,--,--,--,--,TRUE,FALSE,FALSE,TRUE,,42,M. Van Gorp,Not Available,NA,Lynx,https://a.espncdn.com/i/teamlogos/wnba/500/min.png,8,MIN,005084,220525008,2002,2,2002-05-26,
Tamika Williams-Jeter,Lynx,--,-----,-----,-----,--,--,--,--,--,--,--,--,--,--,TRUE,FALSE,FALSE,TRUE,,44,T. Williams-Jeter,Not Available,NA,Lynx,https://a.espncdn.com/i/teamlogos/wnba/500/min.png,8,MIN,005084,220525008,2002,2,2002-05-26,
Katie Smith,Lynx,--,-----,-----,-----,--,--,--,--,--,--,--,--,--,--,FALSE,FALSE,FALSE,FALSE,30,40,K. Smith,Guard,G,Lynx,https://a.espncdn.com/i/teamlogos/wnba/500/min.png,8,MIN,005084,220525008,2002,2,2002-05-26,
Janell Burse,Lynx,--,-----,-----,-----,--,--,--,--,--,--,--,--,--,--,FALSE,FALSE,FALSE,FALSE,,35,J. Burse,Not Available,NA,Lynx,https://a.espncdn.com/i/teamlogos/wnba/500/min.png,8,MIN,005084,220525008,2002,2,2002-05-26,
Lynn Pride,Lynx,--,-----,-----,-----,--,--,--,--,--,--,--,--,--,--,FALSE,FALSE,FALSE,FALSE,,38,L. Pride,Not Available,NA,Lynx,https://a.espncdn.com/i/teamlogos/wnba/500/min.png,8,MIN,005084,220525008,2002,2,2002-05-26,
Georgia Schweitzer,Lynx,--,-----,-----,-----,--,--,--,--,--,--,--,--,--,--,FALSE,FALSE,FALSE,TRUE,,39,G. Schweitzer,Not Available,NA,Lynx,https://a.espncdn.com/i/teamlogos/wnba/500/min.png,8,MIN,005084,220525008,2002,2,2002-05-26,
Shanele Stires,Lynx,--,-----,-----,-----,--,--,--,--,--,--,--,--,--,--,FALSE,FALSE,FALSE,FALSE,,41,S. Stires,Not Available,NA,Lynx,https://a.espncdn.com/i/teamlogos/wnba/500/min.png,8,MIN,005084,220525008,2002,2,2002-05-26,
Val Whiting-Raymond,Lynx,--,-----,-----,-----,--,--,--,--,--,--,--,--,--,--,FALSE,FALSE,FALSE,FALSE,,43,V. Whiting-Raymond,Not Available,NA,Lynx,https://a.espncdn.com/i/teamlogos/wnba/500/min.png,8,MIN,005084,220525008,2002,2,2002-05-26,
Michele Van Gorp,Lynx,--,-----,-----,-----,--,--,--,--,--,--,--,--,--,--,FALSE,FALSE,FALSE,FALSE,,45,M. Van Gorp,Not Available,NA,Lynx,https://a.espncdn.com/i/teamlogos/wnba/500/min.png,8,MIN,005084,220525008,2002,2,2002-05-26,
Tari Phillips,Liberty,--,-----,-----,-----,--,--,--,--,--,--,--,--,--,--,TRUE,FALSE,FALSE,TRUE,,18,T. Phillips,Forward,F,Liberty,https://a.espncdn.com/i/teamlogos/wnba/500/nyl.png,9,NYL,0d79b9,220525006,2002,2,2002-05-25,
Vickie Johnson,Liberty,--,-----,-----,-----,--,--,--,--,--,--,--,--,--,--,TRUE,FALSE,FALSE,TRUE,,16,V. Johnson,Guard,G,Liberty,https://a.espncdn.com/i/teamlogos/wnba/500/nyl.png,9,NYL,0d79b9,220525006,2002,2,2002-05-25,
Teresa Weatherspoon,Liberty,--,-----,-----,-----,--,--,--,--,--,--,--,--,--,--,TRUE,FALSE,FALSE,FALSE,,20,T. Weatherspoon,Guard,G,Liberty,https://a.espncdn.com/i/teamlogos/wnba/500/nyl.png,9,NYL,0d79b9,220525006,2002,2,2002-05-25,
Crystal Robinson,Liberty,--,-----,-----,-----,--,--,--,--,--,--,--,--,--,--,TRUE,FALSE,FALSE,FALSE,,19,C. Robinson,Not Available,NA,Liberty,https://a.espncdn.com/i/teamlogos/wnba/500/nyl.png,9,NYL,0d79b9,220525006,2002,2,2002-05-25,
Tamika Whitmore,Liberty,--,-----,-----,-----,--,--,--,--,--,--,--,--,--,--,TRUE,FALSE,FALSE,TRUE,,21,T. Whitmore,Not Available,NA,Liberty,https://a.espncdn.com/i/teamlogos/wnba/500/nyl.png,9,NYL,0d79b9,220525006,2002,2,2002-05-25,
Becky Hammon,Liberty,--,-----,-----,-----,--,--,--,--,--,--,--,--,--,--,FALSE,FALSE,FALSE,TRUE,25,14,B. Hammon,Guard,G,Liberty,https://a.espncdn.com/i/teamlogos/wnba/500/nyl.png,9,NYL,0d79b9,220525006,2002,2,2002-05-25,
Korie Hlede,Liberty,--,-----,-----,-----,--,--,--,--,--,--,--,--,--,--,FALSE,FALSE,FALSE,TRUE,,15,K. Hlede,Guard,G,Liberty,https://a.espncdn.com/i/teamlogos/wnba/500/nyl.png,9,NYL,0d79b9,220525006,2002,2,2002-05-25,
Camille Cooper,Liberty,--,-----,-----,-----,--,--,--,--,--,--,--,--,--,--,FALSE,FALSE,FALSE,FALSE,,12,C. Cooper,Not Available,NA,Liberty,https://a.espncdn.com/i/teamlogos/wnba/500/nyl.png,9,NYL,0d79b9,220525006,2002,2,2002-05-25,
Linda Frohlich,Liberty,--,-----,-----,-----,--,--,--,--,--,--,--,--,--,--,FALSE,FALSE,FALSE,FALSE,,13,L. Frohlich,Not Available,NA,Liberty,https://a.espncdn.com/i/teamlogos/wnba/500/nyl.png,9,NYL,0d79b9,220525006,2002,2,2002-05-25,
Bernadette Ngoyisa,Liberty,--,-----,-----,-----,--,--,--,--,--,--,--,--,--,--,FALSE,FALSE,FALSE,FALSE,,17,B. Ngoyisa,Not Available,NA,Liberty,https://a.espncdn.com/i/teamlogos/wnba/500/nyl.png,9,NYL,0d79b9,220525006,2002,2,2002-05-25,
Sue Wicks,Liberty,--,-----,-----,-----,--,--,--,--,--,--,--,--,--,--,FALSE,FALSE,FALSE,FALSE,,22,S. Wicks,Not Available,NA,Liberty,https://a.espncdn.com/i/teamlogos/wnba/500/nyl.png,9,NYL,0d79b9,220525006,2002,2,2002-05-25,
DeLisha Milton-Jones,Sparks,--,-----,-----,-----,--,--,--,--,--,--,--,--,--,--,TRUE,FALSE,FALSE,TRUE,1,9,D. Milton-Jones,Forward,F,Sparks,https://a.espncdn.com/i/teamlogos/wnba/500/los.png,6,LOS,532481,220525006,2002,2,2002-05-25,
Tamecka Dixon,Sparks,--,-----,-----,-----,--,--,--,--,--,--,--,--,--,--,TRUE,FALSE,FALSE,TRUE,,3,T. Dixon,Not Available,NA,Sparks,https://a.espncdn.com/i/teamlogos/wnba/500/los.png,6,LOS,532481,220525006,2002,2,2002-05-25,
Lisa Leslie,Sparks,--,-----,-----,-----,--,--,--,--,--,--,--,--,--,--,TRUE,FALSE,FALSE,TRUE,,6,L. Leslie,Not Available,NA,Sparks,https://a.espncdn.com/i/teamlogos/wnba/500/los.png,6,LOS,532481,220525006,2002,2,2002-05-25,
Mwadi Mabika,Sparks,--,-----,-----,-----,--,--,--,--,--,--,--,--,--,--,TRUE,FALSE,FALSE,TRUE,,7,M. Mabika,Not Available,NA,Sparks,https://a.espncdn.com/i/teamlogos/wnba/500/los.png,6,LOS,532481,220525006,2002,2,2002-05-25,
Nikki Teasley,Sparks,--,-----,-----,-----,--,--,--,--,--,--,--,--,--,--,TRUE,FALSE,FALSE,TRUE,,10,N. Teasley,Not Available,NA,Sparks,https://a.espncdn.com/i/teamlogos/wnba/500/los.png,6,LOS,532481,220525006,2002,2,2002-05-25,
Erika de Souza,Sparks,--,-----,-----,-----,--,--,--,--,--,--,--,--,--,--,FALSE,FALSE,FALSE,FALSE,14,2,E. de Souza,Forward,F,Sparks,https://a.espncdn.com/i/teamlogos/wnba/500/los.png,6,LOS,532481,220525006,2002,2,2002-05-25,
Latasha Byears,Sparks,--,-----,-----,-----,--,--,--,--,--,--,--,--,--,--,FALSE,FALSE,FALSE,FALSE,,1,L. Byears,Not Available,NA,Sparks,https://a.espncdn.com/i/teamlogos/wnba/500/los.png,6,LOS,532481,220525006,2002,2,2002-05-25,
Vedrana Grgin Fonseca,Sparks,--,-----,-----,-----,--,--,--,--,--,--,--,--,--,--,FALSE,FALSE,FALSE,FALSE,,4,V. Grgin Fonseca,Not Available,NA,Sparks,https://a.espncdn.com/i/teamlogos/wnba/500/los.png,6,LOS,532481,220525006,2002,2,2002-05-25,
Vickie Hall,Sparks,--,-----,-----,-----,--,--,--,--,--,--,--,--,--,--,FALSE,FALSE,FALSE,FALSE,,5,V. Hall,Not Available,NA,Sparks,https://a.espncdn.com/i/teamlogos/wnba/500/los.png,6,LOS,532481,220525006,2002,2,2002-05-25,
Nicky McCrimmon,Sparks,--,-----,-----,-----,--,--,--,--,--,--,--,--,--,--,FALSE,FALSE,FALSE,FALSE,,8,N. McCrimmon,Not Available,NA,Sparks,https://a.espncdn.com/i/teamlogos/wnba/500/los.png,6,LOS,532481,220525006,2002,2,2002-05-25,
Sophia Witherspoon,Sparks,--,-----,-----,-----,--,--,--,--,--,--,--,--,--,--,FALSE,FALSE,FALSE,FALSE,,11,S. Witherspoon,Not Available,NA,Sparks,https://a.espncdn.com/i/teamlogos/wnba/500/los.png,6,LOS,532481,220525006,2002,2,2002-05-25,
